"1824","8","5","Natural member heavy father wall impact responsibility produce until.","09:55:11"
"1728","45","1","Sure discuss off person light right local morning indicate himself employee.","04:55:30"
"854","5","5","Significant again tonight inside lot daughter high.","22:04:45"
"369","27","3","And actually table can because contain end but money hospital always parent opportunity.","11:37:45"
"1422","7","3","Expert kind remain southern trial arm state home receive much.","20:17:16"
"1364","36","2","Trade environment newspaper statement among involve.","12:44:19"
"1382","37","5","Ready item summer positive decision anyone big member employee.","01:51:42"
"504","39","2","Senior camera it cover level today box.","08:28:42"
"1183","17","2","Treat question only action then open boy only maintain trial give imagine.","14:10:28"
"1287","30","2","Impact last economic point lay road trouble firm free hold response public place.","19:10:39"
"1734","2","2","Customer realize concern blood agreement buy life nor really former visit beyond day.","06:09:23"
"1821","49","1","Fund section away maintain charge pass staff become very west.","15:10:02"
"437","29","3","Guess accept entire occur go open choose cover cut structure character contain.","20:56:13"
"1021","48","1","Those serious social sort federal month party husband close base today fire.","17:53:33"
"1538","27","4","Say society identify consider piece someone lot alone cost collection agent lead each.","00:52:44"
"1537","16","1","West open garden discover item technology government increase.","21:50:42"
"1631","25","4","Interest family build close authority want light majority citizen change away model.","00:11:12"
"613","20","2","However least Congress past foot fear money stage almost old sport.","20:05:20"
"692","40","4","Point rest action situation skin risk father first job throughout.","02:56:52"
"548","13","1","True material keep adult nearly whatever activity.","07:35:56"
"148","8","2","Get including suddenly too rate team not this.","21:58:34"
"1994","48","5","Pay score few father floor while break show number organization.","10:50:25"
"1775","40","4","Expert without none system fast short provide which among when say doctor wait.","18:20:44"
"1640","15","5","Begin conference work water official behind fill research.","16:51:38"
"115","47","4","Through theory stuff like can later end really bill.","21:49:04"
"105","20","5","Good sea lose red while middle idea never listen mention south year.","09:35:11"
"417","21","2","Become international second probably baby hear edge finish.","12:54:29"
"947","11","2","International believe Democrat report check remember president good major adult machine.","03:54:39"
"475","45","2","Available build be she article follow table better suffer.","18:53:04"
"151","17","3","Word few beat wish night pick guess know.","02:36:15"
"52","11","1","Party without exist ready quickly discussion street particular design.","07:54:30"
"1414","33","2","Consumer democratic power check drug lead early trade ground stuff.","18:23:18"
"1581","47","1","Serious account growth tend direction soldier chair as happen arrive it.","21:06:23"
"1121","9","2","North window artist enter protect center.","18:03:56"
"421","48","2","Billion couple cup purpose food rise fire.","01:15:22"
"562","41","1","Produce former about Mrs word anyone instead agree near.","01:57:47"
"1140","6","4","Through reason particularly not box professor spend approach design stage soldier.","14:26:24"
"1910","15","4","Stock listen professor red laugh treat arrive again dog question.","18:08:01"
"1415","21","3","Dinner learn commercial leg father since hot produce.","11:58:05"
"437","27","5","Factor call article possible pay its produce during system public officer practice.","00:28:16"
"963","7","3","Me production leg cover price draw exactly wear guy people conference value southern baby.","13:40:38"
"110","31","3","Society strong huge end weight animal.","22:17:35"
"58","42","4","Last democratic letter who without agreement position.","14:39:51"
"7","32","1","Them usually speak end growth worker citizen.","14:19:23"
"1295","20","3","Federal reach specific to class perform shoulder message see writer present security drive.","23:48:06"
"1835","21","5","Traditional heavy surface foot hot commercial.","01:01:28"
"205","16","1","Various among long herself few stay everybody run.","18:48:52"
"690","6","3","Hear nothing summer really reach right series certain their guess.","23:24:23"
"266","5","5","Last down popular across smile game authority partner truth.","03:03:46"
"89","48","5","Commercial mouth include sea mind several woman executive effort chance.","20:48:29"
"1534","19","4","Clear talk seat range blood two Congress tree.","01:10:27"
"1611","2","1","However guess wide century to reach collection provide.","15:37:16"
"1394","9","3","Doctor voice structure suggest represent sell last grow follow number realize catch use.","12:21:16"
"691","3","4","More tell wind nature thousand move successful gun to without smile.","22:00:47"
"1144","5","5","Spring effect bring by foot continue treat people cold owner compare when.","03:47:26"
"1655","15","5","Partner movie box open different likely difficult within meeting.","15:20:21"
"580","38","4","Ready box manage doctor defense after cover show staff.","16:59:31"
"403","25","2","Million cause happen just history would sense heart side they field include represent.","20:16:38"
"175","9","1","Direction address put over goal suffer.","14:50:46"
"1790","12","2","Us environmental technology go radio government could shake early far worker.","22:30:32"
"1912","7","1","Strong right kid record say success food.","21:37:29"
"1058","18","2","Question civil project person especially inside woman audience visit water.","18:05:40"
"401","37","3","Sell also picture become as past.","11:48:56"
"35","37","3","Leg certainly region opportunity behavior try direction rise address face size president food.","04:27:56"
"261","32","4","Among until forget oil book then south.","02:36:41"
"1088","16","1","Happy husband knowledge business remain Mrs traditional current vote officer each.","00:56:45"
"771","30","5","Model analysis accept cover receive ability a since practice even must.","18:00:52"
"1175","10","2","Many with American meet chair ever you college power respond professor chance book.","17:43:28"
"228","4","3","Always easy soon international any argue but movie resource east cost.","18:08:12"
"443","5","3","Include red strong affect training music area end.","08:18:57"
"934","8","4","Rock college what bad magazine as response nature miss discover several president.","14:23:24"
"709","22","1","Until none already no enjoy range value well poor film here bar significant.","15:09:08"
"1296","17","2","Six realize would meet both big keep success nice.","17:33:09"
"1583","19","5","Half tend rise wrong son forward stage.","07:00:15"
"512","29","5","Could until though level third everything resource.","15:28:28"
"1140","27","3","Camera Congress new purpose street after rather son.","11:37:32"
"694","6","1","Director threat firm here want sell identify month student.","06:53:41"
"417","49","3","Above anything expert business down environment blue range receive everything.","02:31:03"
"1276","1","5","Way good dream where condition standard increase eight decide growth great.","08:42:50"
"1158","10","1","Information ten under hold determine list film item garden official.","07:26:19"
"1259","23","1","Across town apply avoid lawyer paper financial voice pull image black religious.","11:55:32"
"1966","31","3","Two rise open subject far option visit street responsibility table media seven.","14:36:33"
"945","19","1","Worker adult perform loss morning that alone history policy.","06:07:48"
"546","48","1","Sit tell method air process similar officer throughout trouble month bring.","16:45:22"
"818","38","3","Arrive year think artist different real political above.","07:17:14"
"38","14","1","Forget approach effort see sea discussion plant agreement series scientist support.","14:28:48"
"1","34","3","Walk strategy he same possible opportunity know piece magazine out computer often.","20:26:20"
"468","31","3","Only environment must rich goal usually minute boy star beyond thousand realize service.","09:23:17"
"583","28","3","Happen audience task challenge ask smile early church.","09:44:27"
"819","31","4","Role either after successful upon artist have across guy late response because.","15:00:02"
"332","15","2","Find set general watch form century reason shake hit.","15:33:50"
"1833","32","1","Might recent her resource owner his question heavy tax information where teacher open.","06:50:50"
"1100","10","5","Of manager bag wall everything science nation.","03:56:20"
"834","3","2","Need process something meet machine lawyer four design list himself human.","01:21:08"
"522","8","4","Old about likely study truth same food fire month material forget type.","17:46:11"
"1466","46","2","Reality do former field senior phone nation treatment within difference final.","22:48:34"
"1103","7","3","Despite Mr there exist scene night leader.","03:28:41"
"115","20","3","Hear less join song remember listen detail similar.","07:00:49"
"734","41","2","Race she participant today appear know term impact at laugh degree attention.","06:38:48"
"949","45","3","Together agency single office value food business lay bill particular husband contain behavior.","06:34:07"
"1648","43","2","Still financial generation west policy staff view idea morning if avoid.","01:41:47"
"162","7","1","Standard record old million increase interesting country both exist.","07:35:10"
"423","46","3","Out page party teacher spend health nearly Mrs.","18:10:59"
"863","4","3","Expect pattern bad plan office husband.","21:49:26"
"1252","3","3","Me reveal compare reflect us investment window down girl up down quite.","21:35:43"
"1287","49","2","State expert machine reduce character third see condition something risk yet the strategy.","17:08:26"
"1876","23","2","Life need seek strong raise in along phone measure eight any practice behavior.","21:21:38"
"704","10","3","Top wife view nor away run owner hour three best back.","07:42:57"
"1713","32","1","Suddenly very however approach gun his.","19:10:51"
"632","42","4","College those however western pattern provide even us listen authority themselves medical successful others.","07:38:15"
"201","25","1","Office occur author she game everybody deal look.","11:15:01"
"414","39","1","Firm hair stuff you talk simple side attorney.","02:46:36"
"1494","20","5","Develop imagine recently similar situation direction.","22:03:21"
"1911","18","5","Five lay price plant nature knowledge.","04:07:15"
"1608","29","1","Believe radio feel every most provide each put across administration method.","02:56:14"
"1144","4","5","Movie figure pretty film pretty even.","11:51:58"
"1750","20","2","Environmental stage carry television especially relationship you onto concern already move.","16:32:53"
"151","22","1","Charge what evidence magazine nor also nice.","13:12:40"
"567","36","5","Board surface produce under she structure audience natural past perhaps wish.","07:43:59"
"1615","32","1","Floor than save old parent before.","11:31:32"
"1840","5","5","Evidence actually seat girl could hold point.","17:45:54"
"1217","48","2","State will drive course learn car result.","08:27:33"
"1666","31","1","Century group collection them forward month mention area.","01:50:13"
"1909","48","5","West west responsibility product team hope husband next plan science significant various pick.","17:46:22"
"1785","18","2","Blue drop friend pull in natural difference water these another economic.","14:21:14"
"1178","30","2","Stay sound for truth performance process but mention after end professional city.","11:23:13"
"295","24","2","Yard indeed nothing under management candidate probably couple.","20:43:57"
"392","49","1","Actually manage if individual three successful big newspaper age.","12:35:10"
"1455","37","3","Direction popular these which effort development great.","10:07:50"
"839","16","4","Debate trip power protect white international step tend reveal establish.","19:15:39"
"1846","26","3","Record international really reach once most theory him.","23:49:47"
"613","33","2","Agency car forget somebody mention commercial later plan yourself party authority factor.","20:03:33"
"1088","30","1","Scene care cut huge and side hope should reduce leg require various mention.","00:06:08"
"1486","37","1","Culture professional paper majority make director.","10:42:20"
"560","30","1","Statement its and art arrive size.","13:14:13"
"123","47","1","Development operation herself area through record result.","08:01:49"
"466","46","4","Watch try hospital offer market nor.","20:13:37"
"1318","36","3","With husband bad information approach fall recognize couple statement light.","03:39:36"
"1850","36","1","Model say start nature sport green laugh between article should realize action.","03:24:45"
"1070","30","4","Young ever important ground shake very husband best raise.","06:03:24"
"335","1","4","Matter very turn company black once time significant talk notice strong.","17:29:43"
"1146","21","3","Product level maintain town church tend stuff particular stuff west.","12:01:33"
"328","25","2","Success mean today last letter term at class especially system lawyer media girl.","06:14:10"
"546","45","4","People fire event no possible third relate person back whole remain figure rule.","01:41:07"
"1251","27","5","Dog be option road bad attorney energy down situation early.","18:02:20"
"1281","18","2","Interest budget lawyer bad certainly market budget travel free foot mention resource.","15:53:02"
"746","15","4","People put somebody others unit difficult teach however condition.","16:43:21"
"971","22","4","Car glass run walk determine which think while admit watch use peace.","08:00:34"
"529","49","2","Not development show time degree treat method history particularly network.","04:11:31"
"1685","49","3","Hope toward best across her watch teacher collection wall today.","06:57:43"
"1431","13","2","Half meet continue theory social seven political success.","05:58:19"
"1623","38","4","Energy matter technology again reality wide something machine shake you whole.","16:48:19"
"1119","17","2","Care whole film seem industry campaign.","13:49:44"
"699","7","5","Necessary rest evening mission record whole buy difference lose yet.","02:42:04"
"195","0","1","Even from across once goal painting avoid if nor tonight free dark life.","14:03:13"
"302","1","2","Nearly keep between whom must red age.","02:44:41"
"1197","1","4","Serve pressure study recently least method me edge surface.","03:01:14"
"607","39","5","Minute cold at phone must watch stay short his significant walk.","00:05:18"
"1201","38","4","Miss movement yard consumer black beat begin turn.","13:12:40"
"217","14","2","For catch everything bag own detail crime system.","01:39:25"
"251","40","5","Age upon name represent according speech conference law personal.","22:36:50"
"1635","11","5","Short structure factor year issue live.","22:56:02"
"1846","8","4","Use agent measure career although body explain.","01:03:02"
"456","1","3","Foreign radio natural professional police she data something mother practice bill.","08:21:50"
"939","48","3","Both value tax method central section hear attention third.","20:09:35"
"1651","32","5","Size probably family under southern time truth seven wrong place.","23:53:40"
"1866","40","5","Policy time else create heavy case plan could show bill might the.","00:16:06"
"1093","25","5","Teacher hot available while culture wife meeting quality.","10:32:02"
"615","39","4","Key shake heart remain another cause miss medical say mother.","06:58:17"
"1122","9","4","Drug serious assume road past strong recently military new recent.","11:27:43"
"1317","38","3","Arrive explain measure agency in evidence structure.","11:06:52"
"332","29","4","Audience account long guy suddenly it.","09:37:25"
"614","48","2","Ten production laugh chair clearly your.","13:12:55"
"382","41","3","List foreign trouble hair wear line gun account difficult food day our.","10:56:15"
"455","21","4","Degree night blood network idea prove.","05:02:11"
"641","9","5","Successful election heart quickly control lose.","02:50:55"
"1159","4","1","Base study analysis you foreign least live evidence.","00:35:00"
"1079","23","5","Chance good shoulder order enter total attorney effect away.","04:03:23"
"1794","33","5","Hit which significant fire Democrat physical development speak trial week light tax imagine.","07:06:57"
"105","14","5","Paper source hotel wrong coach month conference.","18:36:42"
"288","20","2","Road share inside ever this rich board commercial drive notice hot.","10:56:47"
"332","2","2","Listen information statement sea interview building herself technology popular generation.","11:04:26"
"1727","30","1","Inside every beat director administration material follow use.","15:59:59"
"1011","2","1","Ahead impact step toward participant available better eight eye who bring.","21:23:36"
"760","18","5","President actually strong technology rich measure opportunity article center.","06:53:40"
"1429","29","3","Man body type state Congress carry friend black paper even production contain.","18:46:32"
"1216","23","2","Democrat whom hundred whom southern shoulder especially debate across leave right parent decade.","15:30:28"
"1495","24","2","For enough others affect interest natural maybe left loss their guy white.","02:03:24"
"345","11","5","Plant card painting system share people several like fill.","00:51:35"
"1310","48","2","Member color boy question painting cut reduce fish.","18:02:01"
"656","39","3","Popular market tax environmental offer as show itself herself.","21:08:09"
"1140","36","3","Cause all why carry market push idea.","09:32:41"
"1475","13","4","Campaign fear second time only size too collection most less daughter author true.","10:11:45"
"20","25","2","Will least season onto husband woman thank history.","12:06:12"
"756","6","4","Vote a attention little election eat half simple score career.","05:19:03"
"827","29","1","Me agency person act style four authority eight discuss.","08:24:27"
"293","44","3","Base hit across sit deep finish concern activity year certainly.","04:24:52"
"1829","0","5","Here organization however majority discover line like.","17:14:20"
"563","10","4","Attention first church management produce trouble you daughter record nor painting.","02:36:57"
"272","24","3","Child week writer research game service when everybody food.","16:39:19"
"1129","9","1","Size campaign off seek begin no paper community interest.","03:49:12"
"1163","36","2","Arm present long eight go responsibility fact.","16:52:33"
"465","5","4","Weight around quite whether character shake defense question simply.","07:09:48"
"1319","43","1","Team friend Congress prepare reveal a third four identify include land.","21:45:12"
"10","32","3","Station between fall laugh administration smile for long enough want serve glass.","21:52:21"
"111","18","2","Simply can exist should someone American position heart item morning represent.","10:02:31"
"157","39","3","Cultural agency face too list former unit relationship.","16:17:25"
"1710","6","1","Left large understand real fund PM.","08:28:30"
"1982","3","3","Team modern term hot fall discuss maintain.","08:53:52"
"254","42","5","Life ready phone could real work rock film.","01:23:05"
"1831","4","3","Technology night impact million way item try even admit mother.","22:19:33"
"380","26","3","Service strategy against reduce human wall somebody I property back resource until model.","08:37:39"
"770","30","2","Talk rate dream agency part marriage trade participant long through however.","21:22:22"
"634","39","1","Rest onto generation difference same style ability indicate culture.","18:25:57"
"1281","4","4","Much role late international color similar become company.","06:06:39"
"509","17","3","Money budget become phone project we while blood.","17:56:16"
"71","5","1","Standard choice degree president natural home record rule arrive something.","15:48:43"
"928","17","1","Strategy term none town some daughter daughter lot represent agree action never.","10:49:33"
"136","4","3","Make begin describe free assume activity night benefit realize.","23:32:16"
"544","37","3","Unit page condition look return why low.","02:00:12"
"1930","12","1","Feel right also benefit color area.","08:00:17"
"1093","36","2","Safe action get light several two.","23:34:38"
"449","42","2","Amount where in now interesting do push challenge significant measure pull between step.","10:15:20"
"41","12","5","Project career determine its life new suffer financial should development almost.","17:56:14"
"1690","21","1","Business wrong candidate different down relationship mind far.","03:00:30"
"54","11","1","Former space sell fill image agent head family it.","20:15:20"
"1941","26","5","Sell begin general suddenly foot art knowledge.","13:07:27"
"1597","41","3","Sport student shoulder store send program way behind visit.","11:13:09"
"1969","43","3","Sometimes reveal apply art development best movie situation.","15:03:41"
"1429","27","1","Such Republican mother perform animal say.","09:02:08"
"649","2","3","Here American stand look use arrive collection morning owner wind full second.","06:29:17"
"401","6","5","West whole page nor help amount teacher themselves.","09:06:24"
"655","33","4","Spring center billion top degree standard friend material left ago network.","10:12:33"
"1841","36","1","Hotel food western choose improve successful who.","14:12:42"
"1786","23","2","Move Mrs public may loss fly movie step.","10:17:44"
"1973","43","2","Area however watch throw magazine heart.","06:17:31"
"307","0","2","Need rate the time book standard with best above citizen.","21:07:46"
"1293","28","1","Finish political town decision million people catch.","15:53:10"
"1912","4","2","Head bed deep feel situation ago no whom.","01:28:10"
"1922","24","3","Perform parent summer special night including.","22:45:31"
"449","48","2","Moment reflect ask enough score paper less explain.","06:13:29"
"359","25","4","Everyone themselves southern structure claim that throw I concern oil fund.","18:41:25"
"690","36","5","Institution many town although gas unit join push believe same only station organization.","09:20:24"
"670","49","1","Toward later fly rock plant brother oil pressure arm vote already place brother.","06:09:20"
"650","16","2","Cell recently without within you someone two represent letter person.","07:18:42"
"1119","27","4","Within within feel stay prove hundred when day thought letter.","20:12:25"
"800","41","1","Hospital tough season others have analysis whether.","17:42:15"
"1353","7","4","Treatment third center person so natural outside goal everything institution game.","06:43:13"
"1653","45","4","Generation ten cell share international have medical yes not reason look stage law.","14:54:24"
"486","45","4","Thousand think street actually on and much.","19:02:25"
"1734","43","5","Yard road also about here prepare life foot within news.","03:02:29"
"455","11","2","True board loss any phone different arm hour none receive attorney.","03:59:35"
"234","46","1","Type will three act source prove own owner.","20:03:01"
"98","32","5","Begin member firm language media right executive live.","16:02:21"
"1549","30","2","Small writer purpose push bill discuss population hit.","16:23:14"
"1935","19","3","Institution company official no difficult wonder their control against natural each.","23:59:07"
"1741","7","3","Thus direction field section ever sister yet number affect political message personal.","06:40:11"
"187","34","4","Character accept perform year lead debate him television stop.","04:39:36"
"1723","44","4","Congress sound senior star toward direction hotel still sing position.","20:17:44"
"770","31","4","Foreign too course eight arrive kid analysis opportunity.","22:45:18"
"684","39","4","There arm road middle own hospital law student certain fly physical voice too.","17:42:55"
"280","12","1","Recent prevent attention training prove first.","08:36:53"
"1119","49","4","According side full value while prevent body.","00:13:12"
"866","5","1","When since effect season possible case place close reveal but nice visit nation.","11:26:33"
"920","23","2","Through low beautiful from each over like even positive number such agreement you.","11:26:59"
"602","0","4","Question difficult simple front thing across dog create edge last.","07:58:55"
"1346","6","1","Republican today just or address himself new even debate plant mind within.","17:52:26"
"1503","35","2","Relationship from actually apply level safe might through these identify.","08:22:57"
"386","23","5","Mouth information friend audience same of available night whether unit.","18:18:34"
"1597","39","3","Bank dream challenge threat kind much participant pay conference information term general structure.","06:24:48"
"655","14","1","Usually court loss million life option off woman fund education.","23:22:12"
"260","11","4","Top affect anyone decade and remember customer.","06:57:45"
"474","32","3","Yet history fly remember stop would cause itself student recently.","06:39:12"
"201","38","1","Page against floor media forget create base.","15:49:58"
"1883","11","5","Tend white business table last probably.","16:42:28"
"688","37","4","Real claim speech price push decade.","05:55:25"
"1416","6","4","Number result garden maintain series prevent some few chair provide it.","22:52:30"
"975","24","4","Often write dream data as care poor growth reveal money discover gun including.","10:04:10"
"1367","26","5","Rest PM free news position carry federal concern usually remember others.","14:14:38"
"650","27","5","Moment between section subject natural bit.","15:15:42"
"1866","2","2","Perform maintain picture process cold all number continue.","14:44:13"
"1319","32","5","Top moment any natural leg late option.","19:42:46"
"727","27","3","Technology discuss community responsibility thought significant.","20:41:02"
"1713","28","5","Most become language kid various without public cost stay without.","19:39:26"
"146","16","3","Discussion seat fact my laugh opportunity remember.","06:19:37"
"537","7","1","Responsibility stop physical former reduce social indicate who picture operation author fact century.","04:26:21"
"472","8","3","Same available art above hour reason rate plant gun evidence impact simple.","23:07:57"
"726","19","3","Five movement live clearly artist relate education.","03:26:48"
"729","14","5","Page image know likely area city of.","03:50:23"
"368","32","5","Glass a news office year military expect society.","15:51:56"
"537","40","1","Usually dark into series run report could dog arm.","12:36:44"
"1881","44","2","Language choose citizen later arm how listen.","21:57:50"
"1626","10","2","Name other thus thing discuss however south.","19:42:53"
"307","45","3","View thought go right professional natural idea read go dream budget.","09:24:46"
"1703","7","2","Picture cup these agreement him force few gun quality deep magazine space effort across.","14:45:53"
"213","11","3","Author born only trouble deal move animal theory too.","00:29:06"
"288","36","1","Outside itself way walk itself strategy assume mention firm best sure government.","14:08:47"
"1703","28","5","Space those actually determine rich law machine hair condition career land sort he.","07:53:47"
"754","11","4","Road relationship song whether deep human its defense beat section hotel bank.","14:36:10"
"975","36","4","Consumer finish share body face role step catch us century per less fall.","13:24:08"
"1314","27","2","Amount make recently claim animal food professor.","18:17:51"
"628","9","4","Tv building choose court these summer party student senior adult enough others.","16:03:34"
"1227","35","3","Able cover far responsibility walk including foreign tough hold mother.","23:36:10"
"1542","8","2","Level exist much city else skill during yeah amount clearly bring.","09:50:01"
"895","44","2","Government interesting name peace fly all mention college audience whether since.","11:44:03"
"446","29","5","Brother partner vote my free piece answer explain report as.","22:39:04"
"181","21","5","Prevent assume build both here adult do material different agree yet manage.","08:06:06"
"915","1","3","Commercial accept score my president happy environment fill have open speech recently all hold.","18:37:44"
"1841","41","4","Foot although citizen away in perhaps table customer light blood build together ok.","19:17:25"
"1824","44","5","Cost everybody international strategy cell tree high minute clear former.","18:47:14"
"546","7","5","Claim campaign enter often agent somebody bad tell woman leave different.","11:06:39"
"963","35","1","Total sort various ability newspaper time beyond.","02:28:55"
"1391","38","4","Heavy benefit understand window affect couple cultural wear building a.","06:48:17"
"760","12","5","Guess sometimes put green produce tend line summer claim current.","17:14:26"
"1824","7","5","Rather fill should name one open organization mention to can together focus town.","02:35:02"
"1354","34","5","Property any medical eight director health mean.","11:18:25"
"1579","30","1","Blood nothing prepare writer or set type understand adult country deal fine.","15:22:40"
"71","30","5","Finish continue statement save next analysis.","14:26:25"
"569","33","2","Next west sister whether network produce moment sense choose institution movie professional someone.","09:38:44"
"863","25","5","Manager him employee cup score safe class resource among officer dark certain.","16:25:28"
"1586","41","3","Difficult fear voice compare return size trip door.","21:10:09"
"1317","42","5","Trial sometimes manager perform order rather southern dark.","17:37:54"
"1963","48","4","Lose choice first could product call stage deal over wait money.","07:20:01"
"1076","44","1","Last imagine base week character accept mission business assume decision well team anyone.","19:19:35"
"1766","44","1","Series quite first high financial customer move teach hot.","13:54:08"
"1534","9","5","Organization between less know movie crime seven common late relate consumer several market.","03:30:40"
"181","15","4","Answer more skin third poor look agent mention.","08:07:14"
"1602","6","1","Bank across first worker lawyer return wife.","05:05:26"
"861","23","5","Model return sense mission never worry he.","23:55:36"
"1023","33","2","Pass foot anything more clear coach pressure responsibility late create agent.","21:48:02"
"1794","4","2","Crime perform language loss culture of.","19:40:38"
"1859","4","3","Possible fire nothing section new seem senior movement.","13:46:41"
"5","1","4","Defense particularly nature bill add color matter along care begin physical yeah.","08:47:44"
"816","14","1","Relate character marriage role turn suffer big than all the natural.","08:11:40"
"1205","32","5","Wife decade two want take staff offer sing.","08:01:58"
"710","18","5","Commercial yeah during bed help way chair suffer us drop environment.","05:19:04"
"1810","45","4","Write across better guess us blood step as.","01:31:53"
"1486","1","3","To crime heavy into everything camera century.","07:54:02"
"1516","2","1","Foreign talk we none star management sign land arm program control concern idea.","06:42:53"
"71","0","3","Common four value learn pressure fire strategy couple.","07:40:40"
"1159","0","5","Level brother agent yard organization player.","07:28:40"
"197","4","1","Thing act win major commercial risk political full.","01:20:40"
"774","37","3","Part town answer of feel material treat.","20:05:43"
"1211","48","3","Stage reduce civil skill daughter establish edge strong.","20:49:39"
"1751","15","2","President catch perhaps clear heavy attack wind this imagine.","13:43:23"
"1545","16","4","Nothing through road now wear others standard four among finally traditional no.","00:47:15"
"412","43","2","Voice land against hope side them.","00:07:50"
"179","45","1","Ask evening attention choose station organization left.","03:27:27"
"1342","49","4","Stay serve seek size resource raise check.","14:05:18"
"1026","44","3","Mr nearly eat moment eat people young.","18:47:47"
"1895","8","4","Hard whatever moment language late lawyer its especially color rate within indicate baby.","06:24:35"
"1318","35","5","Yes consider travel fish Mrs recognize represent security member thus both have long.","15:25:54"
"111","49","4","Vote buy present guy affect meeting some worry participant brother staff.","09:35:44"
"947","2","4","Important right color her continue appear long hair.","22:41:17"
"356","21","3","Tough among couple according social with prevent share story concern site late require.","10:55:14"
"552","46","5","Ground environment song rest receive everything nation alone learn toward finally artist clearly.","15:50:05"
"1941","41","4","Son fire behind perform compare picture piece but.","23:30:43"
"180","31","4","Hard unit easy special significant child quality edge discover.","07:29:45"
"455","37","3","Station watch our concern air investment why.","10:19:07"
"332","28","4","Staff maintain war recently speak issue condition.","02:12:42"
"677","29","1","Become just fast return direction put half.","06:02:58"
"827","12","4","Subject rather operation people spring yourself or one open condition.","18:40:47"
"867","9","5","Glass task develop conference minute now themselves someone matter key lead prepare speak.","02:49:10"
"1447","25","1","Indicate worker raise appear truth wish space.","08:38:53"
"1429","27","5","Rest every fire realize play enjoy action exist idea them sense agent.","05:37:12"
"1859","48","2","Maintain court phone establish drug machine.","13:56:10"
"1710","30","1","Who really during relationship firm truth one ball director image.","07:36:48"
"922","5","4","Specific American edge write Democrat boy white very whatever his low.","00:49:45"
"711","39","4","Notice simply strategy real into order get thus.","13:50:26"
"332","0","4","Necessary factor work we beyond generation guy.","13:56:23"
"1435","37","1","Seat contain under lose stay again make they involve.","22:43:45"
"107","41","5","New mission country public air thousand contain future.","00:35:14"
"1647","5","5","Save paper experience real argue what.","08:43:15"
"860","41","5","Quality back too store weight it them forward religious risk rather best use information.","01:52:45"
"1943","18","5","Pull day decade same respond place spring industry.","01:31:13"
"1634","44","4","Decade foreign include take perhaps red until try represent manage democratic.","06:34:19"
"1568","46","2","Religious six leg west bad yet follow cause quite doctor magazine.","09:28:14"
"720","45","5","Enough evening road tell employee local worker affect true.","02:18:56"
"356","15","2","Write across statement answer resource meeting.","23:45:46"
"1824","6","4","Lawyer green floor build increase method night mother defense together.","05:52:06"
"1790","31","5","Around herself explain different away weight from.","15:46:25"
"874","45","2","Despite several eight keep soon new upon style admit record however usually.","12:22:53"
"577","5","3","Speak also support them tree conference.","21:47:03"
"61","29","1","Assume per brother dark chance amount across situation professional fine cut reality.","01:08:45"
"1732","39","4","Painting TV development field service have hair protect able take amount door kid.","18:56:22"
"64","8","4","Small sense decade material film small write hit.","22:28:45"
"557","35","5","Poor western present happy rock medical idea trade line I office night land.","00:36:04"
"1366","0","4","Perform task international through floor positive floor wonder high alone.","02:14:12"
"1958","43","3","Both when rather vote town professional remember strong.","20:02:08"
"1963","12","1","Cut window represent thank letter right public assume his city imagine.","17:49:29"
"252","10","4","Professor listen learn film maybe low them clearly glass high often.","20:09:11"
"947","33","1","Success campaign such clearly fast pressure.","13:53:03"
"367","15","2","Lead great popular western least new.","12:51:43"
"279","38","5","Possible yard area ever sea kid teacher type.","16:34:19"
"999","35","5","Couple production fire agree wonder need here at design budget step create skill.","10:58:52"
"7","4","2","Only authority there stock finish forward give respond prevent teacher.","19:31:25"
"583","11","1","Front manager measure later although short shoulder.","18:38:02"
"16","21","4","Get hand benefit investment any special traditional knowledge.","21:09:42"
"445","39","1","Interesting drug exist amount others your father raise measure peace pass bank.","05:40:16"
"922","24","3","Game own strong place goal only gun source central military learn available.","21:33:18"
"460","49","1","Choose author issue open raise radio peace together security.","04:11:49"
"1993","3","4","Democratic near seem billion himself modern want option.","10:29:51"
"1481","48","5","Indicate hard amount member week myself group human truth address itself.","09:08:49"
"1074","39","5","Half conference course surface go industry inside.","15:09:19"
"669","29","5","Cut coach subject imagine his others industry hand choose remember begin court.","04:38:13"
"1664","37","2","Player reason need parent why science despite show we exist.","16:50:53"
"1383","4","5","Card they late party indeed determine.","18:01:57"
"950","8","3","Growth both hour economy low bed property modern agree born expert learn why financial.","03:40:21"
"681","22","5","Card second speak herself rock subject hand on onto particularly every bit either.","23:53:36"
"17","45","5","Indeed project who knowledge station here become democratic.","23:58:33"
"770","38","3","Result according wall house traditional eight building girl trial see nearly.","07:52:09"
"1766","9","2","Item answer now effect television space actually protect kid.","19:49:49"
"1038","30","1","Call success may east book even whether sea design sure begin others.","00:00:29"
"1412","26","4","Performance skin modern hard push believe.","05:47:52"
"32","23","2","Tv why just building wrong study between experience.","03:08:32"
"662","36","1","Generation fight surface peace red unit develop office organization.","21:39:45"
"370","24","2","Whole rule line someone crime generation per three reason laugh away bed watch.","09:25:56"
"1994","25","2","Instead majority hear very blood base.","00:03:19"
"770","42","4","Everything support beat you body player car dinner project owner meet.","11:09:23"
"67","9","2","Kid from arm let control action history reach enjoy recently.","11:20:47"
"283","19","1","Recent trip get report industry eight strategy low research recognize type indicate cell born.","23:11:19"
"1328","29","5","Receive second like term both us build indicate that do still.","01:59:55"
"166","36","2","Individual most actually mouth clearly town discuss tell.","10:04:52"
"560","26","2","Clearly bed let drop environment record church.","04:18:00"
"215","27","2","Despite culture yet third public company west once southern right.","07:05:25"
"1419","44","1","Stock the bag range whole recent three single.","09:53:35"
"721","18","2","Close trip when thus whom step page both assume prepare his.","10:25:49"
"1805","35","5","Enter hit body teach big perform establish rule watch rich hair but.","19:12:55"
"50","4","5","Debate know say issue four step certainly significant establish.","09:57:35"
"1533","39","3","Available study position once their smile amount.","14:07:39"
"1247","21","5","Explain side along sense soldier simply arrive on.","09:35:54"
"1091","4","4","Late house conference prevent source keep grow indicate its scene image use.","20:09:00"
"1548","38","5","Nor look small method member part never project health increase least.","20:27:57"
"54","47","3","Why and raise catch while finally statement bed.","10:35:07"
"881","9","2","Career sea author lot next floor else eight.","02:03:18"
"474","2","4","Difficult painting family contain specific author member say response resource population.","08:55:14"
"1719","11","5","Mrs woman method every impact near eight.","23:45:37"
"1093","7","5","Letter night coach apply attention area rock before part note research would.","03:47:15"
"811","7","1","Cause style that else level stock international six her shoulder.","18:17:52"
"251","42","5","Today help factor word arm cultural movement guy management follow every new.","22:55:27"
"547","20","1","Team recently new benefit fear develop argue stop college worry.","19:13:19"
"410","25","1","Left form operation mouth fire close future operation similar forward eight PM.","20:16:02"
"1945","22","3","Hundred red process minute goal population trip when down.","11:34:27"
"1808","39","5","Officer wait high full pattern music majority magazine song agree case according determine.","15:19:05"
"1167","43","2","Specific cup still loss fly threat identify society fire.","22:58:13"
"1498","40","1","Late want once about us table use partner rather instead culture.","20:13:39"
"1806","4","1","More marriage American few international end pattern word ask his that face against.","00:29:21"
"756","28","3","Authority far room spend reality sister charge poor me forward mouth family kitchen.","02:23:12"
"1599","19","1","Court close reveal carry news character reduce thus fact maybe around people test.","15:05:37"
"1532","19","3","Feel miss single education design audience buy late describe ask these put.","19:24:24"
"1653","28","1","Position outside visit natural sound scientist same college audience week.","19:32:45"
"900","5","5","Drive answer final address return management middle appear.","11:03:16"
"1588","40","1","Rate remember those more interview thousand low music.","19:55:52"
"1083","40","3","Nation girl material part own consider development for.","18:11:25"
"1954","19","4","Help even most top large economic challenge.","11:17:40"
"1276","12","5","Much live drop billion young also when image.","17:59:32"
"222","16","2","Should smile give choice measure although hit customer reality.","08:05:52"
"1261","22","3","Fall light eat use grow clearly per newspaper market agreement.","22:05:00"
"940","0","1","Off with either laugh east everything research.","17:55:13"
"678","30","5","Start same born simply stuff score.","03:16:37"
"1510","31","5","Oil everything approach describe heart director example so those.","04:31:50"
"1981","30","4","Wrong before now write heart statement entire.","14:50:20"
"936","38","1","School city support evidence might easy record into wide most skill listen my.","14:24:12"
"854","13","5","Work option four me daughter senior.","18:32:24"
"1828","15","2","Two every conference usually traditional grow morning various after answer red audience necessary.","11:36:30"
"1521","20","3","Prevent throw account voice health affect director.","01:11:22"
"105","2","1","Hold perhaps authority the officer husband player under decide forget conference.","00:57:14"
"1856","20","3","Find degree growth serious property generation bad begin party through really.","09:10:51"
"656","22","3","Tell room talk enter long medical myself detail.","04:29:23"
"602","42","4","Development effort they cut here state enough pass beautiful power.","11:01:16"
"379","3","4","Possible approach between later together vote.","01:01:20"
"335","29","5","Hope enter itself theory skill world western trouble.","01:05:43"
"338","35","5","On her quite white us be eight child age ability project simply marriage.","17:18:59"
"845","3","1","Court dream quickly house federal institution.","10:56:32"
"1367","8","1","Little later different care skin interest form shoulder spring score.","05:25:09"
"1542","47","1","Store certainly see financial same manager.","19:13:07"
"357","42","3","Near listen individual itself not no marriage successful of star artist value test relate.","20:44:15"
"460","20","2","Talk though find charge space they model herself same identify commercial.","21:57:44"
"1576","44","1","Them language course capital bed professional just clearly nation stand base.","01:00:46"
"1912","2","2","Hope say even range leg receive.","09:42:46"
"965","0","3","Not consider full region market material hear summer check power box really compare.","16:37:20"
"1865","2","4","Fire class meet huge hear policy manager close while almost.","19:08:53"
"918","4","4","Traditional father mention card today half data fast program senior.","19:12:16"
"200","20","2","Cost if play within hear crime recent few talk.","15:51:42"
"38","34","4","Detail front doctor protect administration shake artist chair like nearly.","17:35:53"
"726","35","4","Economic miss green nation various scene work ability.","16:53:13"
"1780","43","2","Shoulder wish start likely responsibility piece.","14:56:16"
"704","40","3","Case sit state control adult two.","20:43:13"
"1915","26","3","Sell will she series inside especially could ask source.","22:33:38"
"534","29","4","Eat us cold year oil agency treatment on whatever material then cold.","10:30:50"
"1723","0","5","Exist cell offer left strong player onto buy black usually available discover theory.","02:39:41"
"33","2","3","Development state section later design hold poor simply these throughout room every.","21:14:31"
"1583","18","3","Trip line clear state site term notice business.","18:06:49"
"763","14","2","Although by could usually decision debate treat wait since start size bank perhaps.","16:33:40"
"38","11","5","Explain environmental war try bar baby use sense.","11:33:33"
"1028","43","4","Option rich music mention turn read tax teacher but.","09:01:38"
"697","42","1","I will important billion person seek.","06:53:59"
"71","20","2","Door market interview yes quite any land live thing sing provide.","09:22:02"
"758","35","3","Meet into garden simply view yourself.","09:56:54"
"627","46","3","Trial Democrat reality career population push glass nice student including that.","16:15:09"
"527","44","3","Fish along various part ground even major order operation.","07:08:09"
"970","25","4","Less research heart cold foreign word project.","07:43:51"
"1422","29","1","Theory play good chance minute floor.","19:48:58"
"1179","36","4","Including top door represent benefit south other gun up capital under.","14:01:52"
"1062","17","2","Say among try finish coach number dream fight everything guy measure produce.","15:15:43"
"375","15","3","Same gas agency better appear realize.","16:28:53"
"50","36","3","Upon team forget she modern property tonight cut build your.","23:09:48"
"1803","47","3","Policy capital any up suffer gas conference care general size.","18:55:09"
"1740","18","3","Until interest development your others environmental meeting what respond.","23:58:52"
"1321","31","5","Face sense successful week sing sort.","13:10:05"
"179","9","5","Although wall ability size car effect bad operation.","06:58:46"
"50","11","4","Expert quite coach those actually now recent toward value.","04:37:15"
"745","46","5","Back difficult democratic carry pull small sea easy plan training approach suddenly long that.","13:37:49"
"1449","13","4","Than south for story do capital section article tree series.","13:09:47"
"794","28","4","Father exactly into finally break rest could.","14:03:45"
"414","28","4","Hospital industry old ten happy weight meet best event spring whole.","22:18:08"
"1834","34","1","Particularly agree situation leader under hundred back information popular.","01:27:30"
"1542","24","4","Religious report my day degree school land help near factor along attack.","17:40:18"
"1028","5","1","Consumer certainly far difficult stand audience a artist her role.","15:23:11"
"677","26","1","Government officer pretty certain employee beyond more song business page.","09:12:52"
"751","40","2","Someone can whether every next ask.","18:38:26"
"1703","33","1","Television now news ok type buy return today.","22:26:58"
"1603","39","4","Create day particularly young vote itself space discussion.","01:59:05"
"505","25","3","Republican just yourself floor number effort ground little difference break region be similar.","02:51:42"
"1368","30","3","Away good beat office also meet explain source Democrat.","17:04:01"
"117","4","1","Company read nice only center soldier government fact pick as near.","10:02:11"
"7","6","4","White both modern door difference section never official.","12:58:32"
"1682","12","2","Century where start car some chance suggest check.","17:21:07"
"1138","32","1","Another set a according crime letter respond nice national determine responsibility dog.","01:23:34"
"1919","38","3","Executive miss north source idea low hold new better.","14:13:23"
"1326","47","3","Claim traditional goal forget three wife tax year family change star store possible.","06:56:08"
"1576","27","3","Capital start lot carry there another music worker strong.","04:30:51"
"891","22","1","Top lawyer yard police tonight offer since begin action voice no any.","18:59:35"
"1090","18","3","Memory continue none left before movie trouble.","11:21:17"
"857","9","5","Tend room produce evening worry save Congress.","13:34:28"
"1205","16","4","Force music actually his sound light seven start president born remain tax office.","08:38:26"
"613","12","5","Individual often true grow wrong box television into south task then difficult.","07:41:10"
"266","43","5","Attorney despite civil brother for civil smile marriage million place main party.","02:59:16"
"1610","40","3","Magazine hold good unit drop like then help buy improve debate somebody.","07:54:04"
"614","19","4","Nice design reason specific out author box clear group movie.","07:09:32"
"157","10","5","Sport have sense husband hour mouth.","13:47:34"
"1648","48","4","Ago cell million pay ago student dinner huge term machine care.","07:23:33"
"544","2","3","May protect tend college agree read idea live simply land news west.","18:45:46"
"635","46","3","Crime outside free he environmental present.","17:44:30"
"681","35","4","Age want station air after finish face various south some indicate Democrat.","17:33:39"
"1413","11","4","Teacher drop while the travel against more environment section play.","09:45:06"
"1420","40","1","Special back mother make scientist perhaps hospital always soon I music around.","02:26:06"
"1628","49","2","Lot serious color feel where mention exactly interest instead stage central.","19:56:34"
"35","18","3","Computer goal sign learn human measure southern popular education meet.","22:10:52"
"1597","44","2","Study enjoy knowledge chair speech choice.","21:17:33"
"1215","4","4","High scientist buy TV themselves condition believe some we agree.","19:47:17"
"499","32","1","Others business discuss body course most long huge effect.","16:46:32"
"505","10","3","My his question hospital data assume end agent late despite real.","05:44:06"
"1056","33","5","Defense they check leader open risk card start paper activity third.","03:39:59"
"1229","11","2","Apply hour without kitchen debate well watch rest class material serve land marriage.","04:50:45"
"1163","9","4","Concern boy tell fly experience long personal product we receive.","15:07:52"
"863","2","1","Especially law often usually practice Republican society possible accept all.","04:40:39"
"1416","17","1","Must stock others law collection parent while.","16:55:01"
"419","11","3","Development course audience action actually near create could compare garden southern both.","11:50:01"
"811","19","5","Statement base stop trouble oil power discover part guess change.","22:50:04"
"946","31","4","Charge rate out challenge I interest effect group but many.","18:22:38"
"1000","28","2","Trade important key international tend trip head support detail difference use early sense.","19:33:45"
"1906","39","4","Remain according role act marriage mouth camera effort and doctor.","13:55:57"
"1167","5","3","Door teacher bad very door wide character within material almost push bed.","19:05:51"
"1595","29","4","Able use read certain should physical likely trouble cost three.","07:46:22"
"191","14","2","White listen skin role bill well these someone.","16:58:58"
"814","39","1","Artist argue issue himself manager race most part the dark against.","17:35:28"
"661","40","5","Visit thousand seven it sit artist fast whose support itself expert always financial.","09:49:22"
"73","32","5","Community third miss personal minute reveal move various.","08:08:16"
"887","47","1","Operation third would prevent land yeah dark street expect why bag.","08:17:58"
"117","15","5","Idea again assume some let finish floor sell.","08:22:54"
"466","23","3","Energy Democrat many friend house campaign cover life party dinner officer.","01:19:39"
"718","6","2","Model response I certainly thus page song local worry policy world.","03:20:18"
"1219","4","3","Authority base president popular research majority whatever pattern remember.","05:41:11"
"945","18","3","Pass attention natural her which black spring place likely.","06:15:39"
"822","48","1","Camera arm religious born however thank require strong.","10:52:38"
"1711","32","4","Who nearly development drop federal off speech decision anyone social.","16:25:03"
"235","15","4","Least join skin door about summer decision leg policy relate rest.","18:34:15"
"319","13","2","Child past want artist technology front I lawyer area friend.","07:20:58"
"199","24","2","Remember out impact month would provide another ok recently so unit maintain.","17:12:01"
"1192","45","5","Paper city resource nothing mission coach head south.","04:04:45"
"1766","33","3","Information then nice six also provide idea not consider growth.","00:12:52"
"1183","32","5","Treatment according important drug according play network nothing order place Congress others.","19:36:13"
"1941","8","1","Occur leave main particularly discuss style team.","09:56:34"
"1079","31","2","Weight design reflect protect few ago everyone sign ten within area rise example.","05:26:33"
"1694","36","5","Theory meet opportunity clear prepare material free onto management soldier draw.","01:22:57"
"1290","32","1","Firm sort clearly agent star development change life agreement.","07:08:39"
"230","49","2","Fish long city Republican appear various.","16:45:24"
"796","42","4","Commercial which while so report old could agree wide consider traditional very couple.","17:28:06"
"968","36","2","Sure drug avoid floor would sometimes bag PM reality.","19:38:14"
"1330","10","1","Production bag standard hit beyond leader create price program music.","00:00:29"
"1000","15","1","Bad team north challenge person night language.","17:39:20"
"662","25","4","Hear black all heart even station.","06:48:10"
"1824","9","3","We notice few such employee rest others three reduce.","15:56:32"
"874","1","5","Threat simple ground lot teach issue approach series difference.","22:20:28"
"1305","48","1","Piece all movie husband second drop trade store radio measure.","07:24:20"
"1615","26","5","Training western fact like yard senior but cover either.","11:34:25"
"544","23","4","Scene event by example see go coach.","12:48:55"
"645","22","2","Green say face line agent history serve goal another generation suddenly.","11:11:08"
"70","39","2","Always whether shoulder much nothing end could.","03:52:42"
"1954","43","2","Direction clearly war interview take can enter little above.","17:01:35"
"944","32","5","Expect technology drive store drug capital coach room customer.","03:31:11"
"1780","13","5","Community process material strong community reveal choose general reality often throw professor.","19:09:14"
"1363","8","3","Ask computer mean social walk will team.","18:17:20"
"445","10","2","Your friend language party or long sure stand crime stay cell.","06:44:43"
"419","12","2","From nation sing society pick later.","14:04:23"
"499","2","1","Successful commercial if southern move explain force represent research property end article country.","14:45:00"
"1837","28","3","Whom its large organization skill history somebody.","08:48:02"
"514","46","5","Race purpose none area think want should according present.","05:13:57"
"1188","13","5","Girl through cause describe surface win attack against street fall hour each sea.","07:04:53"
"32","31","4","Everybody stop require magazine interest cultural.","11:26:37"
"28","43","4","Today fill appear cut together opportunity.","07:07:14"
"153","16","3","We ready life military such morning.","06:29:01"
"1866","42","1","Analysis director parent after share write south eat him manager because.","10:26:32"
"1927","41","3","Heavy reach crime office interesting management media message major.","05:58:00"
"624","5","4","Significant paper road big position player news though.","14:50:59"
"1996","6","3","Maybe central example price condition would once.","17:24:23"
"1174","11","3","Picture require hot suffer bring second.","00:34:18"
"1090","14","5","Star able research candidate score then book reach daughter per person center.","09:50:59"
"1201","4","3","Through effort just cover finish author fish system between.","11:32:16"
"844","11","5","Daughter offer state eight ago consumer laugh note music between difficult.","08:42:38"
"1881","19","1","Southern as moment speech deal anyone put prepare son cold you.","23:16:24"
"176","0","5","Seek they conference home able none.","14:53:57"
"642","20","1","Price put her teacher success truth fish mother ground fine election else.","13:22:02"
"1138","31","4","Big relate education option support avoid agreement girl try next skill show exactly.","01:13:18"
"507","43","4","However face range with evening it tell gun turn service budget machine course political.","08:11:15"
"396","26","1","Cup us quite ready computer offer decide a stay find.","18:01:19"
"1908","23","4","Else or board its where Mrs learn region impact while.","03:38:51"
"419","23","2","Return product day partner remember low seat future information.","13:39:34"
"262","5","4","Citizen money reason blood bar into other deal.","11:25:18"
"373","30","3","Happy financial wind help learn right walk day man traditional six dinner risk election.","07:30:19"
"1179","31","2","Worker method student shake few cover pretty kind.","13:50:55"
"486","15","5","Protect agency forget consider traditional score book near cover.","17:28:08"
"825","49","1","Foreign lawyer include think partner study.","18:57:23"
"1850","6","1","Quickly raise beat the single line any candidate.","17:43:28"
"755","45","5","Ask important his past before increase no like sometimes every quality.","22:01:58"
"777","29","4","During sing upon talk reflect million that.","07:31:47"
"358","30","4","Describe stand onto word his ask economic cover walk modern likely.","11:49:32"
"880","11","3","Identify pattern people teacher form answer production decision evening although include feeling.","21:07:34"
"807","45","2","Edge realize audience too sing personal cover state still behind score window itself.","21:54:18"
"947","34","4","Enough soldier five shoulder coach international energy soon.","01:49:23"
"1388","19","3","Behavior enjoy population information of themselves market hour design.","19:09:02"
"741","7","5","Within improve serious condition citizen energy thing usually bill close upon partner.","12:27:57"
"485","9","1","Measure back marriage thousand better with about material form reduce possible current training.","23:20:39"
"576","46","4","Light see key girl debate across affect line.","15:37:57"
"548","22","2","Point suggest turn improve as wish able speak apply total executive.","13:13:37"
"408","9","1","Including political add name read bag fish.","15:18:27"
"844","37","5","Short teacher week have good onto have.","16:34:09"
"274","44","1","Happy individual industry tough tree leave recently security.","07:19:47"
"1454","44","5","Mouth box public mouth glass trade watch five.","11:09:19"
"1183","48","4","Receive guess instead person those father raise recently situation.","16:59:22"
"497","40","1","Impact born indicate opportunity some west north race.","00:00:57"
"623","41","1","Join method tax dog price include still.","14:38:27"
"1016","12","2","Take against a begin appear democratic law letter return war shake.","17:42:26"
"109","10","3","Story meeting machine wind account source avoid agent research north join.","20:35:41"
"47","13","4","Professional stop cultural when compare practice.","05:41:57"
"958","33","3","Rate improve voice writer control good fast.","21:50:15"
"1302","15","1","Skill husband tonight nice market lay wear race drug happen certainly.","17:24:44"
"273","34","1","Weight sea stuff white court response wonder herself quality health.","00:53:54"
"1586","20","5","Away discover single beyond under agreement majority official local think.","23:36:27"
"408","25","1","Such couple successful speech data behind or sign public.","00:33:09"
"1998","14","5","Find edge control themselves he time.","22:42:33"
"1780","41","3","Decision indeed music stuff though marriage.","09:04:38"
"711","24","2","Alone laugh right three car could change term.","17:01:34"
"16","22","2","Generation join red along world sport song identify safe example.","23:22:17"
"1557","20","4","Probably option international various particularly scientist land heart early control onto experience.","15:24:26"
"641","13","1","Middle same even board present probably woman century political down trip part else family.","03:50:47"
"1327","12","5","Budget citizen finish woman pull fight agent measure first space.","00:38:42"
"951","48","4","Never person win food at year.","20:22:14"
"699","28","4","The not none case somebody social game night world.","07:00:29"
"922","19","1","Quite gun scene focus human group themselves.","11:36:00"
"1689","7","1","Meeting economy us occur chair threat science fly.","16:32:28"
"767","8","1","Decision model draw make decision type region.","06:53:43"
"415","12","2","Usually chair identify past heavy future onto popular all Congress without move.","20:53:02"
"383","48","2","World suddenly side air sign majority tell.","11:49:16"
"577","17","1","Size wonder wife finish agent professor job that.","12:00:07"
"690","8","4","Much west professional you arrive already past side million later.","09:12:45"
"839","3","2","Word race production major need soon back national include she phone difficult.","13:33:55"
"807","45","3","Cup car attack stand visit able.","07:58:16"
"1407","39","3","Worker research respond from down recognize car middle.","18:45:39"
"807","18","2","World kid voice art push behind color address.","15:35:18"
"1548","3","5","Around defense pretty focus best from against.","06:53:23"
"1315","10","5","Much vote learn key cut energy push up respond.","03:17:05"
"1814","35","2","Always for time win among yeah treat.","16:18:04"
"1682","14","4","Soldier loss employee many science win.","11:28:15"
"179","43","2","Individual issue probably well let answer condition present really concern herself sit.","18:59:21"
"49","20","4","Board list writer company fire two over successful.","17:43:38"
"996","34","5","East everything somebody theory under perhaps something doctor wish send amount happy.","23:49:11"
"915","1","2","True lose already person lead within no fill lay technology single.","08:18:50"
"1626","36","4","Manage table movement politics a each recently health whether loss professional force visit.","06:47:14"
"89","48","1","Debate few line community hope girl change turn company medical perhaps can simple.","09:38:57"
"1492","5","2","Deep policy attention itself win truth police behind little.","15:56:42"
"1412","35","4","Federal go tonight prevent expect issue teacher ever science type low.","20:59:46"
"396","32","4","Me which action pick difficult what.","09:12:00"
"637","32","4","History none question rich economy difficult never race most.","14:50:36"
"130","38","3","Name politics product day require health notice speak Democrat evening both hear want.","05:53:00"
"10","32","3","Truth some truth gas answer seem.","07:17:54"
"310","32","4","Husband middle play model social race inside wife wait fine.","05:24:07"
"1697","7","1","Better add democratic eight American just.","04:58:56"
"964","26","3","Total central box late heavy if data need against check least.","07:07:10"
"272","27","1","Piece stock clear grow no possible here.","01:40:19"
"1741","3","4","Order upon affect sort rule upon avoid analysis hotel.","05:59:36"
"1435","13","1","Later section foreign question recognize model few begin.","17:12:18"
"1405","11","4","Industry look live grow southern federal collection decision far million owner fast sister.","13:02:40"
"336","2","2","Start wait film suffer through follow may.","22:32:27"
"674","33","5","Himself continue plant stage see left information.","05:31:00"
"1754","1","2","Data attorney guy along lead send Congress.","08:43:49"
"1556","25","2","Interview ball mouth religious partner I through home maybe song baby hair.","09:16:36"
"1751","43","2","Chance and number movement need occur peace.","05:24:49"
"1119","14","5","Mother sing marriage just catch movement.","17:20:03"
"670","8","4","Page decide agent young bed sell.","23:02:17"
"936","41","3","Though discover past order cold prove school data political need group top.","23:49:00"
"1143","0","4","Government account course cost international bank report agent his town outside more.","16:07:49"
"1023","19","5","Close risk fund far together somebody may American prevent contain when suggest.","08:27:30"
"998","43","2","Follow president adult under member condition address second behavior.","08:10:01"
"1090","39","3","Spend carry professor laugh fact reveal day ahead phone cover soldier arrive speech.","07:34:09"
"307","36","4","State serve drop environmental respond rule suffer perform.","14:38:20"
"58","16","3","Nearly available road clearly case relationship smile writer heart how.","19:54:42"
"1510","30","2","Father environmental direction opportunity soon traditional eye newspaper official eight own great almost.","07:33:06"
"1995","2","4","Keep old question car country number admit program film stock.","22:54:56"
"1603","46","2","With knowledge board culture small opportunity.","07:53:53"
"1056","31","5","Quality generation thank open trade culture event sign next fact.","15:50:51"
"917","2","1","Young compare television want floor specific door friend record lot sit.","16:46:04"
"802","19","2","Better idea various usually view share government.","10:52:31"
"793","12","3","Own same relate bit detail operation reflect person former coach marriage onto.","19:23:38"
"413","2","1","Record chance effort base husband today teacher.","12:49:44"
"1994","39","3","Physical more discussion room herself seem star amount stay certainly national company.","05:54:28"
"1159","30","3","Appear lay scientist shoulder news analysis.","18:27:38"
"1103","22","2","Recent strong two staff state tell billion issue response she.","20:28:33"
"1606","10","5","Development ready able how value bar himself pay.","09:56:17"
"799","48","3","Trade life program next table modern language music generation magazine nature arrive.","21:48:53"
"1688","31","1","Become machine great pretty law left forget education actually parent past research increase.","15:07:17"
"1826","48","3","Fire one ok land peace like return message senior camera purpose meet.","01:48:12"
"1195","18","2","Teach finish west customer industry feeling play son quickly top bad.","20:52:53"
"1824","15","1","Reduce positive message fast view play whether employee real future.","14:59:27"
"1579","19","5","Break necessary blue treat program leader southern home less career address.","17:59:00"
"862","38","5","Stage discover phone against professional old writer serve democratic sign word.","10:37:51"
"1004","18","1","Early local contain music reflect television serve single.","16:16:04"
"839","28","2","Participant meet animal upon simple course kind.","04:08:24"
"64","9","5","Public go entire time boy the either modern manage particularly hour good.","07:09:07"
"570","45","2","Above floor drug land defense expert despite drop message note can.","08:08:14"
"979","27","3","Government floor though hour prove activity bill hundred officer staff person.","12:13:29"
"1941","43","3","Course over usually body meeting free dog well news trip send.","14:26:30"
"802","24","5","Determine likely discover consumer hot thought medical feel.","19:24:57"
"131","23","3","State how around individual evidence investment message generation option white.","15:15:56"
"1174","43","4","Baby yard performance own use likely when.","16:14:51"
"497","36","2","Marriage money just give need hundred prepare value rule federal can evening artist.","00:33:19"
"1420","18","3","Third concern out fill worry direction morning ready military hospital skill study.","03:14:56"
"1159","2","5","Page bed Democrat month movement season fight old.","19:44:41"
"867","21","2","Inside board commercial yourself question audience information rest.","16:01:59"
"1315","31","3","Else officer something opportunity career game under mind government hundred.","00:34:54"
"971","5","1","Light guess where worker must difficult.","02:39:38"
"1879","12","2","Several turn idea provide hit finish save perform.","22:26:01"
"634","45","3","Treat one why notice day town himself room window camera indicate carry personal.","09:31:38"
"28","12","2","Bar far college measure technology wide position yard.","21:57:30"
"1668","20","2","Drop garden method hour billion determine when throughout even today.","03:54:17"
"1121","25","2","Will despite understand people plant floor theory cut wrong college beyond inside.","00:04:52"
"1115","44","3","Poor career hope physical hour half pass face final international character our ability.","06:34:06"
"174","18","4","Election drive mouth tree music lawyer along discussion.","17:24:50"
"1330","2","3","Sense purpose determine leave someone choice mother employee.","16:14:08"
"1509","8","1","Cover play market hundred building call under high majority.","14:02:16"
"1431","3","5","Seek human figure source develop cell purpose night science.","10:30:58"
"1601","42","3","Vote company remain evidence order car may body carry college mind right.","04:20:24"
"1515","48","1","Reveal mouth two chance population order last.","11:12:30"
"473","13","3","Likely owner seek to voice however participant certainly speak call operation market.","11:32:44"
"682","3","5","Attention class another probably page spend.","01:11:37"
"578","43","2","Hold strong could model truth just effect.","07:48:49"
"380","20","5","Attention possible peace son give focus star beat head.","20:08:30"
"1303","46","1","Heavy admit system indeed describe face election Mr technology city recently outside myself.","13:03:00"
"89","47","1","Service movement order out well country enough ok write reflect.","19:13:05"
"1090","38","4","Purpose whether cause kind reflect suffer account watch range thank wide.","17:32:14"
"1272","10","5","Figure remember just minute like southern behavior large south where since commercial.","20:30:04"
"1549","1","3","What song away admit herself process.","16:31:57"
"302","10","5","Suddenly against popular edge represent decision hand social.","11:25:20"
"1384","6","3","Left specific scientist that some least admit pressure point party.","21:41:57"
"215","27","1","Nor send seat foreign modern energy garden my.","01:19:45"
"522","3","5","Raise see part people spring join young to.","04:06:08"
"1896","36","4","Mean rock tend give bar run whatever allow decade each.","15:31:44"
"1178","21","2","Call follow fear movement success land writer second open personal series yet professor.","19:48:55"
"746","24","3","Baby painting public sign more contain certainly pull week the chance.","10:03:14"
"1543","28","1","More as adult cause sister attorney cut movie.","13:18:21"
"1906","1","3","Final sister Mrs back fall image one note partner door.","05:20:51"
"1429","3","3","They second line so occur true stand fly.","02:58:53"
"1939","46","5","Argue process writer professional cup three.","03:47:30"
"1449","30","3","Director discuss paper amount forget car player she deep.","00:52:26"
"1590","22","2","Relationship accept memory kid similar week language reach tough about miss protect brother.","09:30:22"
"754","40","2","Instead onto there around sometimes recognize because pay.","22:33:21"
"1710","27","3","Produce nothing just enter agreement raise certainly mean seek reality through old.","12:11:32"
"754","5","1","Weight cell help staff because form.","17:40:00"
"1571","21","4","Old participant employee according yeah after voice figure cut medical eight off father.","18:10:25"
"170","30","5","Writer job others especially security which various consider again push care.","09:22:35"
"180","18","5","Member teach different blood of relate recent huge.","23:27:46"
"891","34","4","Build too record ok cause thought.","01:17:17"
"455","3","1","Trade only city study according the most space stage suddenly certainly eight.","12:19:30"
"505","19","5","Wish approach amount country share social else modern lot that.","01:28:50"
"837","43","1","Teach not than suggest support main each approach others than since writer.","12:57:40"
"925","16","1","Over fine current different challenge none town lose purpose fall.","16:32:18"
"1527","45","5","Read wonder morning prevent collection though practice look investment level.","10:08:06"
"378","0","5","Usually agent see poor avoid anything world part play fight speech former.","17:25:24"
"1824","13","1","Best bad trade friend kid present rate involve west usually question century college above.","14:58:34"
"1810","0","2","Country nothing us argue thought almost mean whom.","12:03:22"
"1451","21","4","Risk them possible customer quality surface control job decide recognize.","22:30:46"
"945","29","1","Care three think character opportunity stuff.","22:38:20"
"1557","34","5","Reveal painting teacher it serve current them individual total find turn security.","16:12:21"
"429","15","1","Congress role cover ball clearly not teach lay these reveal.","11:06:45"
"1826","2","3","Between actually car collection safe standard week skill action under without yeah.","19:30:29"
"1127","11","2","White nearly anyone shoulder nor bring bank himself could nice similar drug decade.","01:04:17"
"453","20","4","Herself season rather future occur myself opportunity tree bank tonight.","08:00:50"
"1762","45","1","Recently mention none contain eat of according pressure project attack sound.","22:55:30"
"779","6","3","Local able soldier when should financial maybe write.","23:31:11"
"326","18","3","Receive policy house new enjoy herself rather player ground agency.","03:54:50"
"1785","48","5","Which magazine become wife group treatment.","12:09:28"
"109","29","1","Impact thousand Congress alone attack thank management detail or white former.","06:23:34"
"1853","43","2","Cold it game put must executive despite.","19:35:12"
"77","26","2","Street particular recognize it road station what charge morning.","15:20:46"
"1103","5","2","Hour size research writer window amount much well.","00:05:07"
"244","6","5","A nation culture agreement generation method war page piece few past perform item.","17:26:05"
"1606","31","4","Bill economic meeting smile sing include any some seven season for difficult.","18:29:21"
"1954","2","4","Remain anyone radio stock oil get.","23:25:56"
"130","8","5","Suffer able president form certainly not laugh safe read such north public cultural.","22:25:27"
"475","29","2","Market station summer manager team former among similar let fight south.","11:44:06"
"1081","44","4","Month policy couple yet treat only fish.","17:04:53"
"1711","28","5","Education notice statement future party rather customer direction degree.","06:39:02"
"1798","34","3","Born part language low last him adult.","00:10:30"
"826","24","4","Republican news small stop chair soldier wish player reach collection nothing.","03:10:50"
"527","20","3","Five ask eye fish beyond and meeting development program.","02:41:20"
"708","21","2","Article son the learn PM large become century summer thank.","04:21:39"
"1969","22","2","Huge worker behavior risk likely late.","12:54:05"
"887","45","5","Short thousand sit discuss real us cost character growth strategy democratic over.","21:26:47"
"714","14","1","Hear throw how compare final development be task newspaper rock risk.","20:20:38"
"1772","24","1","School magazine manage write resource light generation production fact building then.","21:53:20"
"1576","35","2","Issue mother just learn candidate concern quickly.","14:35:00"
"1784","18","2","Approach message possible indeed question whatever green affect focus citizen actually.","18:52:50"
"1129","11","3","Close inside become election stop continue process you spend Democrat.","08:06:08"
"288","28","5","Sea perform six middle far property admit.","21:52:03"
"410","40","3","Maintain carry share you society bag response character.","22:56:40"
"1772","28","5","Wonder man difficult Republican serve that serious.","10:14:04"
"1206","36","3","Land right successful firm leave assume outside cover series dog institution run although perform.","01:58:28"
"681","11","2","Bill choose occur ago daughter thousand red whose.","20:56:23"
"1","46","2","My ever different his treat treatment.","11:48:33"
"449","22","3","Organization attack where ever religious conference item option commercial set.","13:30:30"
"471","25","4","Again develop save million nice risk.","14:52:08"
"17","37","5","Effect quite break one do pull new could.","16:42:51"
"600","13","5","Get firm civil left smile discussion bit son between think may somebody.","00:54:44"
"1846","0","1","Network share interesting walk trial what.","16:52:01"
"1944","11","5","Paper factor direction left front team down community employee current interview.","05:24:06"
"1762","46","2","Thousand town anyone public apply environmental yeah always area sea her six involve.","09:54:07"
"1502","37","1","Situation because prevent authority wind development again.","23:06:23"
"1797","10","3","A him available myself perform example raise individual church less.","12:18:17"
"905","12","3","Appear goal morning red Republican suffer market back will product.","09:21:34"
"585","29","3","Huge interest social single space Congress laugh close ahead course.","21:32:57"
"1056","46","1","Citizen light oil wait especially financial others several.","16:30:09"
"1535","4","2","Industry write education remain until manage way.","06:06:17"
"1608","42","3","Discussion identify lead treat loss region develop.","11:52:22"
"999","36","5","Chance plan and lose stuff money manage bill meeting ok dream.","12:13:14"
"512","39","1","Book run bit begin investment contain cup stay.","11:56:08"
"144","16","2","Federal couple she sport threat security care.","07:58:25"
"47","18","5","Type call especially shake admit camera various official need there.","12:14:58"
"1804","28","2","Whole several than thank range career three score.","11:14:10"
"1074","25","1","Allow set project within close beautiful but after relate.","03:57:33"
"444","23","3","Difference itself suddenly democratic move our trade student half appear.","00:00:08"
"1982","25","2","Finally human likely foreign life light.","00:19:37"
"1216","0","4","Never on simple seem player full customer camera live wonder prepare music.","05:11:16"
"1856","7","1","Only go vote admit police million work soldier fight church site.","20:20:58"
"6","13","4","Cell pattern test Republican should about.","16:15:40"
"371","36","5","Including not throughout my personal kitchen indicate avoid relate as play.","21:38:42"
"1643","45","3","Six way modern her top still far.","13:38:07"
"180","44","2","Fire participant throughout bad east energy.","23:41:21"
"462","44","5","Provide imagine nation budget wall air provide institution everyone economic stage.","14:21:38"
"1357","26","4","Risk cell sure single machine drop protect tax campaign describe speech lawyer beyond.","14:13:05"
"763","30","3","Health daughter large fine on series.","02:29:44"
"1656","45","5","Region reach be lay research lose base yard.","01:13:26"
"998","8","3","Describe there these spring base short newspaper.","01:10:54"
"1859","6","4","Father huge ask every knowledge conference imagine out none.","19:37:23"
"1939","26","2","Eye involve hard different out begin political boy environment every current.","13:38:33"
"298","7","2","Rise place maybe group agency capital tree human moment nearly.","12:13:59"
"17","3","5","Do movement offer particularly trip remember coach hotel week per former.","23:57:39"
"1939","10","5","Land room feeling attack break hospital talk help.","14:36:04"
"1998","20","3","Get scene arm threat staff remain parent.","21:23:47"
"920","40","4","Question media chair assume weight campaign family article manager mind wear.","11:20:44"
"1682","27","5","Something back important well discussion save before country hit.","06:21:10"
"911","43","4","Cold social help country thought public describe tough.","01:53:09"
"1840","24","5","Can no put country will image chance true around strong road.","04:21:53"
"881","11","2","Paper where figure night course risk yet site.","22:28:40"
"1586","38","4","Easy hear rich outside election institution.","21:46:01"
"1529","19","3","Interview consumer low take president oil decade politics.","19:43:02"
"448","4","2","Avoid sense single citizen can teach brother happy red itself.","19:28:42"
"936","33","2","Material worker truth provide senior finish group station.","12:17:59"
"1826","0","5","Administration all address conference quality win culture stage top learn wear goal.","06:21:20"
"961","3","1","Discussion road enter certain senior card one.","18:35:13"
"754","4","3","Evening human listen increase practice ok enter task major since indeed spend minute.","00:30:55"
"844","19","1","Reflect society I someone if kind prepare serious.","13:05:04"
"1673","18","5","Use defense instead simply season situation add five option.","18:41:58"
"963","18","1","Various for situation today civil student painting while surface it right finally.","22:24:40"
"1265","35","2","Indeed capital window good learn be whose prevent for push fill need.","00:22:29"
"1643","4","5","Would describe break data player much care health artist attack her.","20:37:45"
"1251","39","4","Word parent buy per remain economy other dream.","20:55:26"
"38","27","4","Loss recognize also large provide staff himself.","20:12:56"
"388","15","1","Born seek TV listen wear question standard show human.","16:25:25"
"1509","17","4","Past bring prove catch firm commercial year.","19:34:06"
"71","26","2","Method all defense respond speak however girl.","10:21:50"
"1146","2","5","Must serve job hair although year do green.","22:36:15"
"332","3","1","Admit protect would international quickly pass letter kitchen may stand term eight.","14:25:42"
"116","38","1","Decade foot product investment need successful final pattern job.","18:31:02"
"1373","26","1","City around cut possible wait compare believe reveal town other special.","19:49:01"
"1803","11","3","Protect city dark listen however stage guy defense training write national best.","07:29:07"
"1540","23","1","Theory task carry mean election six shake agreement.","19:21:56"
"1741","0","1","Nothing seek model go although financial add recently gas.","04:23:23"
"1203","30","1","Up strategy do trip technology window manager night serious five result.","08:51:16"
"677","12","5","Eat true tonight now door series easy like physical arrive.","05:28:37"
"893","16","1","Beat thus team factor ready they direction single feel.","09:37:57"
"1495","39","3","Fast attention court husband meeting choose fall south.","05:12:57"
"474","27","3","Produce discover middle forget seven father air language themselves necessary.","00:02:06"
"1936","41","1","High truth pretty find firm onto experience check stand.","15:04:08"
"1252","42","5","Executive more concern attack government view once some.","04:56:48"
"1802","13","5","Increase book tonight provide structure either blood describe common.","13:57:19"
"722","0","4","Major firm low war enough similar realize road reduce guy should camera.","13:26:12"
"341","40","4","Knowledge traditional live meeting still girl tree about Republican prove.","12:58:08"
"825","2","1","Sense mean big several get oil program scene agency medical economic over.","02:17:19"
"1366","0","3","Congress expect space brother effort walk street play develop against.","12:10:36"
"1821","11","2","Human girl open spring have like popular often expect.","01:44:07"
"1009","4","1","Door thought scientist impact clear research free appear cold.","22:57:56"
"1970","9","5","Six full game seat another us goal talk decade support.","06:27:33"
"641","22","1","None defense view hold increase role third focus run.","21:36:05"
"1326","19","5","Carry individual movie leg speech unit.","16:15:47"
"16","25","1","Lead event much maintain southern concern west read capital.","20:34:19"
"890","2","3","Maybe good hope how item might popular color street team assume.","22:11:07"
"726","48","5","She everybody consider letter pick example really.","09:35:41"
"1760","5","2","Race capital hope these require somebody short believe response forget.","13:46:30"
"935","20","4","Current per long team religious energy of bad someone executive if upon.","03:12:06"
"1144","16","4","Final about newspaper her enter Congress perhaps for if reach.","15:02:05"
"146","7","3","Billion mission improve movie yard social business door job ability table space development.","12:54:43"
"450","25","4","New laugh size per kitchen adult perform weight.","02:28:34"
"1808","0","3","Pay consider ever seem cost clear decade without.","15:45:29"
"887","46","3","Experience power actually shoulder someone probably until political.","19:32:17"
"677","6","4","Road magazine perhaps military thousand crime small maintain.","03:05:15"
"615","2","3","Write ask place compare amount keep story.","14:20:40"
"1107","16","2","Impact task window American summer respond consider.","00:55:33"
"111","36","2","Against environment memory serious within new national speak.","15:52:09"
"64","45","4","Others total high best catch possible city course lead describe full base good.","18:14:19"
"54","31","2","Whether window senior establish class paper green dream network positive about drop result.","22:09:26"
"1229","23","4","Growth service responsibility exactly oil contain.","01:46:38"
"696","4","1","What his example country stand maybe eye thus month sure these.","00:50:59"
"869","10","4","Range official recent call including article more senior.","21:44:24"
"1998","4","2","Be skin hope style answer in listen game author Mrs officer.","17:46:31"
"839","26","5","Major will friend source oil view huge drive or anyone direction miss as.","18:02:10"
"1197","49","1","Picture kind find travel serious certain race skill church.","05:46:04"
"1079","16","4","Suffer usually me long issue one cold western claim something clear southern least.","09:12:49"
"1420","11","5","Whatever national second word these response car.","17:40:06"
"1671","28","5","Trip present condition edge speak teacher modern popular physical.","10:36:21"
"195","12","5","Though best set organization energy rate bag.","16:47:32"
"194","31","5","Anything gas determine available say opportunity particular control.","04:34:36"
"1394","10","1","Well within president go fish follow drive we bank military large.","12:56:43"
"779","9","2","Lose either million policy response happen office develop near break.","13:31:11"
"674","38","1","Go white life wall medical year student never daughter develop control.","22:42:07"
"360","32","4","One as quite claim heart issue own bit without consider wish.","20:32:38"
"1096","1","3","Manage team technology gas form network political difference early.","03:53:46"
"1672","36","5","Per will be expect particularly debate sense rate create person now late.","19:00:08"
"1440","42","2","Offer ready play argue challenge trouble plant house fine paper share agency message evening.","15:51:37"
"1095","20","2","Society stand reason subject say law author.","15:00:28"
"1784","27","5","Party line least form unit peace blood gun age so strategy.","02:16:38"
"109","35","1","Kid shoulder traditional wish open evening billion third hospital how south.","08:28:46"
"8","45","4","Spring item seem eye very major glass.","04:49:20"
"1440","49","5","Share various my decide factor involve authority paper three both subject so might next.","16:15:08"
"1327","26","5","Candidate whether trade enough various board.","00:35:22"
"819","41","3","Guess fast ball hour there top player about.","14:35:55"
"1495","22","3","Finally good marriage worry activity line appear itself leader citizen change window.","23:03:30"
"774","19","5","Vote subject realize window major individual sea society base.","09:28:01"
"453","6","3","Remain expert newspaper paper clearly current born thus understand specific increase.","11:52:20"
"657","29","4","Leave yeah already edge less itself anyone fund quality role investment.","11:10:13"
"359","16","3","Truth goal bed far including eat analysis or one research course any.","04:31:16"
"1586","6","3","Natural financial might past treat southern treatment.","16:54:09"
"614","13","2","Part generation professor second daughter force term establish civil relate.","09:39:35"
"1070","12","3","Throw voice under provide occur provide somebody short.","12:04:55"
"1734","11","2","Build article push lose story into specific.","14:32:05"
"1821","47","1","Dinner hospital require together quite yes may own product.","18:32:11"
"169","20","2","Team fast view affect prepare hear even sort group ten check teach.","12:41:13"
"628","42","3","Area measure type though bring believe yes.","06:21:11"
"23","8","2","Discuss certain owner day interest candidate give partner two street town administration.","11:39:04"
"1504","28","2","Suddenly factor some note eye clearly brother energy color worry commercial upon wait.","23:03:56"
"1797","13","1","Analysis choice shoulder reason shake believe Mr wear number establish bank total sort.","10:08:43"
"484","44","5","What short add check tonight from painting assume energy state phone business.","16:12:34"
"1946","34","5","Issue door instead year leave set action score truth us.","09:40:04"
"800","43","4","Picture development my interesting state soldier figure best.","20:27:27"
"163","12","1","Because point media prevent scientist detail letter close government.","20:08:25"
"1076","6","4","Board various morning drop fish argue catch exactly.","01:52:14"
"809","22","3","Consider late start table machine throw his time young have arrive employee.","01:41:41"
"754","43","1","Board box himself time hold cup message meet.","09:20:14"
"1119","49","4","Shake play share short arm rule minute why body involve learn.","11:37:58"
"1671","29","1","Behavior old similar into life recognize.","05:46:24"
"1810","29","5","Spend if maybe democratic structure play defense easy positive.","23:25:43"
"760","19","3","Artist new generation phone team market catch.","03:44:09"
"1946","38","5","Available science true phone worry blood voice.","07:44:22"
"117","23","5","Thus represent impact down right card example entire.","00:31:08"
"641","31","4","Argue wear cost something item meet sure record.","16:43:05"
"677","1","2","Program open oil cost standard study growth purpose fine rest tough.","12:45:16"
"723","22","3","Bit coach travel eight strategy natural some yet vote minute because.","07:44:31"
"1784","3","4","Common daughter minute factor compare child top country health growth ahead.","15:38:21"
"970","45","5","Also some story they laugh clear air bank.","08:30:00"
"951","0","1","Technology girl wear century tree power usually claim story either worry threat.","17:42:59"
