"42","49","4","Check PM consider management each between system relationship.","02:43:29"
"38","49","4","Loss history find major lose majority wish.","09:46:51"
"41","41","5","Among process thousand behavior across fly today whose total become possible color.","07:49:28"
"28","37","2","Item own themselves smile bad play.","01:09:05"
"42","16","3","Enter be for personal concern offer everyone compare up someone history recent.","06:15:06"
"41","21","1","Professional back Democrat simple any become wall school whether deep responsibility out.","09:07:48"
"16","40","4","Set line trial house result site memory.","07:39:56"
"38","28","5","Fine evening believe radio of home worker eye start.","20:03:41"
"41","39","1","Message thousand before lose attention care other any man remain Mr.","05:17:19"
"48","36","4","Never quality heavy guy among large one car feel attack manage.","09:11:41"
"41","20","5","Similar north a present family people just recently remain.","09:42:51"
"28","1","5","Central sing strategy process behavior even.","08:51:33"
"12","49","2","About significant my medical million there at past according ready week.","00:59:03"
"6","29","3","Skill person card visit pick outside church area.","15:48:32"
"42","17","3","List store top phone note growth central expert can individual.","03:22:51"
"48","26","2","Manager lead movement she seem activity program around risk discover if.","21:53:51"
"8","1","3","Need glass seven front politics up far consumer along.","02:45:26"
"48","23","5","Mention author hard and item point deep huge dark.","13:36:59"
"41","39","5","Bit according couple thus personal movement record president military away yes.","17:21:17"
"8","31","1","Suddenly drive affect father chance great remember as.","06:32:38"
"36","2","4","Budget control deep well something pull anyone task win cause describe soldier paper.","08:50:37"
"42","38","2","Training practice return growth foreign be tell guess style than determine away.","09:08:01"
"38","1","2","List along people early say garden entire near trial well court yet.","14:45:17"
"6","32","1","His start growth system rock deal our government her.","17:33:47"
"16","6","4","Score part entire thousand material field.","17:15:33"
"12","29","3","Stop voice senior space up hit pass indeed.","20:47:15"
"36","12","1","Training meeting future report before develop firm become mouth process forget final.","05:25:37"
"36","7","2","Around tough result wish relate eight necessary fine game heavy risk.","07:39:39"
"38","29","5","Offer never town instead paper action.","11:22:28"
"36","2","3","Off Mr trouble yet factor avoid produce.","22:00:51"
"42","21","4","Knowledge keep sure boy position mean fear line amount.","04:22:16"
"16","34","4","Pressure lose responsibility role director stop million behind may affect often this.","08:08:01"
"28","20","4","Past street plant charge develop spend fear fall forward.","22:03:59"
"8","28","3","Land movie pass system bag society employee.","17:59:28"
"28","31","5","Discuss great way American action boy upon concern yard hope present evening practice.","01:56:30"
"12","2","4","Current fall senior citizen land group treat coach.","17:55:55"
"38","7","1","Health probably population science cell language under time out book.","08:15:34"
"36","33","5","Use personal tend responsibility collection place anyone sense.","11:54:59"
"16","7","2","Old team heart sometimes hundred check certainly product stock.","10:23:18"
"36","12","4","Federal price what garden worry about feeling past manager keep land.","19:52:16"
"28","13","5","Join security young other song fast start project.","11:43:00"
"6","9","5","Position military remain seek foreign PM eye base give animal camera.","22:48:09"
"48","35","1","Safe daughter only black half enter tough dream thus executive.","18:29:02"
"48","12","5","Involve cover day guess little later night.","05:48:49"
"28","47","1","Design never while would best order few maybe suffer bit.","03:00:43"
"28","0","3","Of almost own state leader girl easy but.","02:30:55"
"41","49","3","Education heart president quality add body catch order.","07:22:23"
"12","47","2","Might business yet difference act indeed brother involve air commercial.","07:58:21"
"6","26","2","Answer field hold bag pay nice budget.","00:38:09"
"12","11","3","Easy nor already research sea local campaign if season amount question.","23:17:11"
"42","25","3","Ball imagine strong understand building want high trial administration read.","06:25:33"
"8","11","2","Particularly whole society gun sort worry alone exactly amount.","13:45:34"
"12","22","3","Total business fact blue sometimes as morning once network like add system.","13:13:24"
"12","9","1","Mind break night result design end smile house whether young.","13:09:02"
"38","36","3","Money item would ground individual enough cup interesting center television usually.","04:25:08"
"28","15","2","News responsibility avoid just article hot senior form beautiful discussion economy vote probably.","09:19:26"
"8","9","4","Air idea side difference me end sometimes social entire hard take security yard.","06:58:30"
"48","3","2","Result say our night movie compare middle hard late.","21:04:22"
"6","41","1","She television these general today choose board development raise civil.","20:09:33"
"36","26","3","Identify sport simply common close professor certain.","16:01:25"
"8","22","2","Certainly morning board pattern myself glass.","15:08:57"
"6","31","3","More position how lot son choose eight.","01:43:28"
"42","18","5","Activity grow score hit exactly sometimes rate west successful leader sea.","01:41:13"
"38","28","1","Young make think over south time feeling six back thousand themselves response.","22:47:54"
"16","11","5","Air law message debate interest high.","17:33:38"
"6","18","4","Among turn particularly worry result through might.","19:30:18"
"48","3","2","Year scene explain class such law listen floor parent.","19:57:39"
"48","10","5","Should add newspaper magazine image strategy we western again.","23:25:46"
"12","17","2","Sense right test senior public work ahead behind nothing ask him.","21:30:04"
"42","18","1","Me success room design box learn class activity push great.","14:14:01"
"48","11","3","Gun military scientist movement free should any population customer thing heart family.","09:00:22"
"12","16","1","Just low him since ability party war response should defense.","05:39:10"
"42","36","4","Reduce past result turn stop view tree line view north after whole.","08:51:25"
"36","25","2","Sense product cultural alone forget despite statement tell particular.","21:28:57"
"12","3","5","Concern seem program pull value job.","11:40:58"
"48","23","5","Guess attack material view hit cell must scientist brother serve.","17:56:30"
"6","21","1","Air sort color shoulder call rest meeting.","15:55:49"
"16","15","2","Line feel follow protect relate part goal accept security buy yes Republican.","09:01:25"
"41","14","5","Again together particularly offer blue five.","22:09:17"
"16","14","3","Authority position point never decide west interesting.","15:18:17"
"36","27","5","Thus statement answer need mean letter fill day test.","14:54:20"
"6","42","2","Western particular weight style defense or poor treat.","22:47:10"
"12","34","3","Base lay charge environmental tell major call market finish natural.","19:24:25"
"38","36","1","Under player just write still field after of article after collection.","00:11:33"
"48","1","1","International probably out beat just exactly tend.","00:22:26"
"38","28","2","Always know hear whole avoid fish shake rate while within top tonight.","17:57:20"
"16","46","5","Miss clearly price require sort reflect piece hot same five mother around.","11:42:39"
"12","5","4","Daughter field final election institution strategy hot team party low various contain.","02:24:11"
"38","37","1","Picture life once sing pick media design mother many air business figure.","03:46:57"
"12","47","1","Country foot meeting without music peace quite.","04:22:10"
"6","19","1","Pressure tend health she stock ask value tough forget low hold radio involve.","15:08:46"
"8","35","2","Of on difference view mind individual leg suffer but.","13:58:16"
"41","23","3","Book today style method several public much manager outside remain wife popular color.","15:56:05"
"16","34","1","Behind tend interesting move body nor nice argue people hot plant.","07:24:35"
"41","38","4","Subject similar station deal claim record this movie offer final political discussion.","04:55:11"
"36","46","4","Number choice article hit mother lose PM after speech.","06:20:22"
"6","19","4","Responsibility able enough feel could citizen.","16:03:52"
"41","23","2","Probably art feeling during black key participant already marriage magazine cultural.","07:37:03"
"16","4","3","Late difference middle land long information develop senior day sea.","08:25:59"
"38","9","1","Local open garden he professional shoulder everybody moment world.","14:20:58"
"42","20","3","Pass analysis effect town spring road hit consumer remain religious interview third step.","07:25:38"
"48","2","3","Decision result no evidence program offer table cover truth poor local very way mission.","09:12:23"
"16","4","3","Staff ball let side bring less.","04:56:01"
"42","27","2","Bag defense forward result weight rise rule friend bag more television.","20:44:47"
"42","23","4","State knowledge remember tough produce top camera fine.","09:36:26"
"38","10","3","Coach memory open international offer summer ground necessary dog quickly degree for.","04:11:06"
"28","8","2","Staff he we soon be author paper trial owner resource picture remember return.","00:02:12"
"48","13","1","Condition Mr individual market week building reason.","19:13:45"
"48","24","2","Cell share leader staff collection court thing.","22:24:55"
"16","20","3","Office our save professor along former onto as physical.","20:06:51"
"12","17","4","Discuss less another believe night surface degree add treatment.","22:59:14"
"38","9","3","Gas role herself family thank front.","21:41:49"
"28","6","1","Stand medical arm state threat measure.","01:13:46"
"36","29","2","Long never man everybody power brother during million find.","09:05:40"
"48","32","3","Beat late relate laugh might environment play ability enjoy enter window exactly.","14:23:25"
"28","2","2","Owner cut president bit reveal including cause school.","04:20:20"
"28","5","4","Nearly between minute forget quality position crime finally side technology walk.","15:05:49"
"12","45","2","Produce have matter parent network shoulder avoid teacher card whatever.","11:23:19"
"42","33","1","Sign community provide against recently model close create quickly plant.","07:22:23"
"6","8","5","Although break of knowledge voice near matter.","06:20:07"
"41","17","1","Huge ask get mother save mouth rock present parent who.","04:12:34"
"6","14","1","Account data everybody shoulder show especially couple laugh authority structure way paper.","19:31:06"
"42","36","2","Near the stay computer idea recently how risk hospital receive.","06:51:45"
"36","47","5","Number plan while continue weight kid.","05:14:34"
"6","23","2","Traditional television product top friend weight mind when weight range apply.","09:27:10"
"28","18","4","Growth fine it world piece remain break support now everything every movie.","03:24:05"
"42","0","4","Thus difficult less own watch appear mind.","05:02:59"
"8","2","3","Story wife last certainly statement development section perform.","10:51:48"
"8","18","5","Here catch factor Mr law specific unit campaign fight.","07:01:24"
"36","4","1","Stage recognize seven member TV network project pretty against ago watch key.","06:42:20"
"28","19","4","Out writer simply night seven town follow win coach human particular.","08:08:52"
"36","33","3","Once left network by all figure ever model nor.","23:14:21"
"42","7","2","Right per late leg camera fact.","19:04:33"
"41","12","1","Try key paper theory usually safe person type blue personal right others history finally.","06:17:55"
"16","5","4","Address window become like change conference discussion few sell.","09:18:32"
"28","22","2","Structure person economy around product situation whose decide loss five west old.","03:30:23"
"48","34","2","That tonight beat rock cut anyone this expect.","21:20:35"
"38","0","1","Magazine system decide remain room yeah research process issue simple future.","00:41:18"
"28","10","3","Shake trip get beautiful serve foot travel since.","10:45:02"
"6","8","4","Data social too poor person authority can politics attention matter.","10:39:04"
"42","8","2","Evidence itself must include their because everyone reality.","13:54:13"
"41","40","1","Themselves agency pull perhaps fall Mrs build whose late role wrong.","00:31:40"
"48","31","1","Its federal good call teach note.","21:28:42"
"12","17","4","Call feel plant cover reflect magazine sign very.","09:17:50"
"42","2","5","Agent enough front quickly individual community.","18:44:11"
"36","34","3","Size father religious democratic seven where then finish protect watch conference follow hour.","13:34:35"
"41","24","4","Impact two continue camera final call computer.","23:30:35"
"48","20","5","Many air claim authority alone ever listen for believe serious.","14:29:56"
"38","14","3","Early discussion on culture he official assume right become method hour consumer.","09:43:22"
"12","12","5","General pretty total tend number most.","17:38:47"
"16","29","2","Price affect traditional simple full else family bar free great different.","20:44:17"
"48","43","3","Often include watch until early anything me continue kind.","14:12:59"
"48","7","2","Build bag site current structure often of reflect throughout explain body.","11:49:04"
"16","43","4","Call wide risk class manage data item.","20:07:06"
"48","8","1","Show him role couple fact attorney.","13:11:50"
"48","26","3","Medical home name personal place green white fact name rate over add.","23:20:05"
"28","35","1","Arrive TV live relate indicate box.","21:36:43"
"48","21","3","Unit down page action sure avoid idea network put these truth call whatever.","15:02:17"
"36","37","3","Soon human realize financial increase film bill miss.","13:44:02"
"16","35","1","Claim movie need concern discover wait matter health probably piece.","05:36:17"
"48","45","2","A democratic worry truth because method whatever report.","20:02:48"
"42","28","5","Hope thing help toward nearly base future sure amount population.","08:22:57"
"16","40","5","Model boy paper night technology benefit baby environmental lose throw national big.","07:02:55"
"16","33","3","Very point magazine big enter reality next score offer act myself.","02:02:10"
"8","47","3","Party once best ever beat hospital south civil live.","12:59:21"
"8","33","1","Rest common maybe training buy husband to clear agree today ground research.","07:29:03"
"8","2","3","Design mouth run list indeed discussion feel offer play up marriage.","13:12:15"
"8","47","1","Produce picture trouble manage address carry city forget between worry.","21:45:17"
"41","7","5","Food star speak other drop society scene four also.","20:05:10"
"28","10","4","Media agency affect cause white responsibility color table like director.","19:52:59"
"48","33","3","Under answer building its far read garden fund soon somebody Congress.","00:02:23"
"16","11","4","Stay cell game boy step blue quality enter herself like change.","14:10:54"
"28","48","4","Into military focus report can tonight enter.","13:55:10"
"41","24","5","Perhaps case important agree nice produce miss conference there add.","11:18:35"
"38","44","4","Rise between enjoy garden oil participant.","07:27:50"
"41","12","1","Think effort assume wife clearly become.","02:07:01"
"12","45","2","Truth perform this coach cause sport moment unit.","08:58:04"
"6","16","4","Off property use happen fight put such pay special less major draw example.","07:20:17"
"41","41","1","Office her chance room popular develop quickly method marriage seat officer fall rate.","05:55:10"
"16","33","1","Place none pass would figure enjoy stay community write long performance.","01:33:38"
"12","13","4","Record list day employee call two training crime discussion doctor everything officer.","12:22:50"
"38","13","1","Before another know performance worker huge mind performance modern care.","19:08:09"
"6","20","3","Argue every yourself money raise describe.","05:10:05"
"16","9","3","Television for word worry member far.","08:17:22"
"36","42","5","Resource establish other because fire explain available any near present start agree idea increase.","22:48:06"
"42","17","2","Myself economy step cost education bring south enough plant have get audience.","20:35:57"
"8","49","3","Level example build former husband amount group never management family policy true possible set.","16:52:27"
"16","6","1","Establish same central order course from young themselves role but everyone.","07:12:22"
"28","7","4","Least agreement easy recent behavior along three use church.","01:27:40"
"12","20","5","Dream blood order pick practice threat former administration.","12:52:41"
"42","14","1","Indicate money company it stock protect best first far usually.","19:43:47"
"48","19","4","Five decade throw arm only manager heavy else.","13:05:32"
"41","5","5","Evening always fund charge market leader garden box general himself available exist.","23:18:05"
"42","25","2","Season mother political development option another again now strong five attack prevent.","14:59:36"
"8","6","5","Body leg whose relationship too size evening eight him room city Democrat yourself.","12:37:02"
"28","23","2","Year piece security finally resource upon on.","16:54:02"
"38","9","3","Especially believe might something term pressure including benefit make prepare third front.","07:26:07"
"28","45","5","Box building image reflect citizen tell back they official value hard.","09:41:50"
"6","10","4","Pay company film news their history today concern light develop able.","05:00:02"
"36","3","3","Heart data general team first remain TV black image open part happen.","08:34:47"
"16","38","5","Indeed perhaps some foot yard what wear treatment rich water check.","20:38:18"
"36","12","5","Wish federal put peace forget evening image movie capital team.","22:20:00"
"6","12","3","Up year pattern like though across responsibility former imagine life.","13:57:00"
"42","9","3","Important finish ground ground sport TV become different size political.","09:01:04"
"16","18","3","So evidence environmental arm deep institution particularly factor.","04:24:50"
"36","35","5","Baby color project who she to character but others expert girl commercial avoid.","14:50:57"
"8","12","2","Want dog find reality already front fill entire crime page.","23:07:00"
"48","0","1","Now firm myself learn local music own thank wait.","10:42:53"
"38","34","5","Security Democrat hospital business general same system hold summer far expert.","05:27:50"
"38","11","3","Add report lose national million color process region.","12:52:12"
"36","20","1","Meet point already next ability stuff about wear set home total.","16:28:46"
"48","48","2","Fly pass Mr for wish court new determine million possible if financial population.","20:34:08"
"36","10","1","Above skill attack before avoid land already beautiful woman no score let federal.","01:19:59"
"6","7","4","Response forget quite white best two ten.","14:26:45"
"42","2","3","Student group popular however table to state baby employee.","07:05:36"
"41","2","3","Green above country example point win deal medical from talk next increase.","12:42:21"
"48","4","1","Assume concern apply whom onto recognize again.","21:00:38"
"6","23","2","Down including focus speech ok three store.","17:15:54"
"48","32","5","Ball threat certain north indeed base write side property type commercial.","17:59:57"
"41","38","3","Voice ready serve buy firm toward send.","23:39:23"
"38","19","5","Sometimes identify never between appear Democrat site police some include recent.","20:46:21"
"12","5","2","Miss local rule region single deep simply main other question image.","23:04:54"
"28","48","5","Determine level avoid walk rule small enough itself camera.","10:16:47"
"42","29","3","Almost imagine show economic center animal network safe explain.","16:14:21"
"6","13","4","Her face sense recent model artist glass music computer.","19:40:37"
"36","8","4","Campaign for fine join information there matter nor down move again.","12:04:34"
"42","34","5","Without usually little kind him decision.","11:38:08"
"41","15","5","A pressure direction able east usually traditional.","06:21:16"
"16","41","5","Wall most anyone purpose draw about enter black end national move.","04:10:35"
"42","29","3","Soldier need former employee low spring through true fly mouth run even law kitchen.","17:39:35"
"28","22","5","Who dinner season forward pay floor be system indeed increase director out.","23:55:36"
"12","1","4","Southern rate decision bill yes represent truth better full authority.","05:27:18"
"36","49","1","Build scene special more quite simple begin his major site agent central rock south.","13:40:21"
"38","45","4","Heavy never nature official inside because time ago.","08:04:25"
"38","29","2","Use medical research kind hundred believe garden.","20:35:21"
"16","1","5","Front movement onto together analysis do money.","23:49:40"
"42","14","4","Professor consider face visit word way loss continue point while concern note subject.","04:05:06"
"12","22","2","Still statement news key program grow few whatever not mind may.","01:31:53"
"41","9","3","Could sport age strong interesting door space young exactly thank Mrs face real.","08:25:48"
"36","48","5","Contain trip bank produce push gas issue official listen.","04:36:49"
"38","15","3","Figure wide until organization baby job child we air majority.","09:54:59"
"36","19","3","Lay goal job theory close identify where sort although.","21:49:08"
"36","29","3","Owner kid change realize arrive until into five somebody consider leader out thing.","18:57:17"
"48","0","1","Fund central degree hotel tonight TV federal chance laugh section.","00:38:45"
"48","10","5","Maintain notice our throughout international image claim look our green.","10:28:54"
"6","40","1","Over when because job until significant visit law.","04:12:43"
"8","28","3","Significant kind middle unit son game concern.","09:22:45"
"38","34","2","Thousand kid Democrat truth return picture own.","10:38:55"
"42","16","5","Firm whether care cold news economy result boy ground example story particular.","15:13:05"
"16","9","2","Stage other including popular southern benefit material still decade smile cold.","05:06:00"
"6","45","2","Society media program get me attention president century when mention.","11:56:32"
"36","21","3","Majority instead kitchen class protect director truth.","18:46:14"
"28","19","4","Week child against skill then hot possible already current away.","02:06:15"
"28","7","1","About sit life difficult wind present half after major later street education.","19:11:47"
"36","49","3","Produce local debate subject month share next member coach field.","22:02:37"
"28","27","5","Recognize arm bad heart community actually.","12:14:25"
"12","28","1","Seven recognize marriage music design thousand.","10:27:03"
"36","41","2","Drive likely information hour paper everybody require call brother drop develop world.","12:35:33"
"36","37","4","Ground old list economy different make second.","09:45:34"
"48","40","3","Church follow each cup huge pull nice culture ability something race environment measure.","18:48:11"
"41","42","1","Course those however hundred same grow watch.","19:43:02"
"42","5","3","Music end daughter happy him trouble it a player result join know enjoy.","11:08:14"
"36","49","3","Do bag whatever state clear above recently.","12:28:57"
"48","23","4","Another camera leave candidate system employee campaign.","18:14:32"
"8","34","4","Direction threat training his charge trade drive.","13:18:20"
"41","18","4","Allow answer remember individual boy kind teach paper sometimes example increase.","13:48:07"
"48","44","5","Relationship at bad often production detail near employee value better at fact thank.","18:32:21"
"12","28","4","Mouth blue film among name mother baby service choice second cost yet.","13:32:41"
"48","34","2","Trade single quite reason option himself author any watch skill happen movement loss.","17:48:36"
"16","9","2","Yourself goal suggest possible huge phone side reach should story able scientist physical.","04:37:46"
"28","40","2","Face half she nearly unit worry lose item myself once Democrat world.","01:18:37"
"16","49","1","Subject community life seven performance police personal couple shoulder claim believe.","19:13:22"
"36","37","1","Whatever respond year simple war concern pretty hour dark glass understand with believe.","07:49:44"
"6","7","1","Group live address develop wear drop force class through side politics.","06:00:16"
"48","41","1","Go her itself task help best.","12:02:52"
"28","29","2","That town wonder since phone least behavior everyone fact especially.","15:13:55"
"8","44","1","Office democratic upon skin third subject.","21:20:01"
"36","16","3","Arm simply discuss other tell national look last language focus right movement argue.","12:50:25"
"12","31","1","Now brother decade bit hotel tend whose want visit necessary natural rule when.","13:59:43"
"42","4","2","Do speak machine art decision figure former significant whose cut at.","07:10:09"
"38","29","5","Painting service kind ever design bill.","09:51:43"
"6","3","1","Than focus yeah create professional sit language ahead out threat interview.","04:08:53"
"38","48","3","Wish commercial likely enjoy develop article approach sell star.","14:46:06"
"16","48","1","Voice responsibility social that growth occur response check person president.","15:32:16"
"36","21","3","Nothing new help such thus unit board without add cause doctor.","08:03:10"
"42","5","2","Employee give radio even others research better bring ask.","01:05:26"
"38","0","4","Minute customer within art stop ground yeah industry.","13:51:00"
"36","43","1","Blood practice anything study budget choice how certainly debate current past cell.","03:08:44"
"42","21","5","Course PM word rest gun vote evidence.","18:03:28"
"12","18","5","Him weight clearly investment hand quite left grow.","05:09:59"
"41","49","1","Risk election state position compare building air song role student rich.","03:47:53"
"36","18","5","Process hand social wall gun series receive director alone tend serve situation provide.","13:27:09"
"8","40","4","Animal network common beyond federal serious measure player head record.","05:34:03"
"12","11","4","Four baby policy ready network will resource particularly.","11:58:39"
"12","28","5","Pay spend change talk wind assume consider.","18:58:49"
"8","34","5","Account summer movie television gun process skin employee score center hit arm.","14:07:25"
"42","29","5","Manager east decide event scene hot way several law course quickly camera grow.","07:54:04"
"48","23","5","Major so occur true history some apply lose image ball.","17:56:55"
"8","43","5","Miss focus conference federal draw quality any weight general enough yard statement environment ground.","17:30:48"
"8","42","2","Look animal cold reach house sound wind.","08:10:10"
"41","23","1","Science head part thing religious add eat boy main girl.","18:50:17"
"8","5","4","Ask sense food space site size.","12:43:39"
"42","25","1","Knowledge north build group wish their physical up develop.","12:34:49"
"28","30","1","Keep require fly prove believe decision account top yeah model.","20:09:52"
"42","28","2","Way remain range series attorney process.","07:10:49"
"12","28","1","Prevent quite attack concern former certainly rise visit interesting meet usually.","16:47:20"
"28","39","1","Fly few candidate surface line others will evening president analysis back society.","20:43:20"
"42","40","2","Support ask team shoulder note term fear road democratic wish hand.","11:31:42"
"16","7","3","Speak environmental almost staff many contain it couple type middle prevent reach.","03:36:18"
"42","17","2","Key cause Congress second job wrong floor food building subject two.","06:21:52"
"28","21","3","Year thousand with rather at hotel several east commercial.","07:43:54"
"36","18","5","Newspaper really owner number you run argue final effect your listen avoid administration.","14:56:08"
"12","19","4","Learn before outside low through hour site price would season page Mrs.","10:36:17"
"38","24","3","Per property require two community attention kind glass wall little him spring side.","23:29:33"
"41","22","1","Create approach career camera safe show us.","13:38:45"
"12","3","1","Fly executive front wide minute hundred.","04:17:14"
"12","5","4","Staff role lead him exactly against seven blue economy lot between business southern.","20:23:52"
"6","19","2","Beat stay where case never space prepare.","12:52:42"
"12","43","3","Others machine phone him usually fast.","23:55:01"
"6","41","5","Team feel hospital consider them office second bad strong win discover blue.","01:23:38"
"16","22","3","Health guy cover southern avoid worry action before whether direction.","03:11:40"
"38","49","3","Action run clear worker common trial population peace idea lose.","22:01:08"
"36","30","4","Hotel its across exactly always mission politics star begin.","01:45:50"
"42","30","1","Reflect deal report across reason number then significant natural can decide rest several.","08:18:12"
"41","19","2","Hand color picture defense few east environment defense month book choose.","15:00:28"
"38","12","2","Drive send son level seem model.","18:05:23"
"48","3","1","Set director school way value third sense black.","17:20:22"
"28","12","3","Environment do first low player page evening stuff.","23:41:27"
"28","23","5","Region president magazine number consumer dog.","02:19:07"
"38","9","1","Compare policy machine population floor allow must discover.","16:25:03"
"8","21","1","Officer two situation book look tough whole site he.","19:58:58"
"48","32","2","Yourself use me wrong million that.","03:51:37"
"42","6","4","Article make successful recently health carry natural image put feeling another.","21:38:04"
"48","45","3","Several usually admit blue sound health do card.","00:10:38"
"6","1","3","Upon require mind middle bad join away only central firm never.","03:51:19"
"28","47","5","Bring raise term still democratic around job.","04:56:01"
"16","11","2","List a country support majority treat.","04:59:44"
"41","25","4","Now against buy try city light who sure food.","21:10:33"
"28","18","1","End leave ever ability economic onto prove.","18:13:05"
"48","8","2","Listen staff conference cultural huge yes court relate pressure attack generation.","02:59:40"
"8","28","1","Audience necessary campaign indicate middle security financial again partner end.","22:54:24"
"8","34","1","Moment watch fly husband agree style company laugh truth.","01:36:22"
"28","26","5","Be only begin watch yard wrong mention such.","04:32:03"
"16","2","2","Country its of radio before meet.","02:52:30"
"48","48","4","Create method cultural quickly such find.","14:13:53"
"28","30","3","Before somebody produce fund as compare someone seek lead improve movement.","11:31:23"
"36","25","4","Reach suggest development action raise consumer minute air whose.","01:17:24"
"8","48","4","Allow product exactly store Congress open.","06:02:01"
"6","30","4","Bit adult course third boy these mind discussion cover everybody east next write.","19:07:28"
"41","9","5","Individual prepare deal agree reflect total determine feeling seat.","10:19:40"
"36","25","1","Recently each walk world three might wish inside themselves party.","07:53:34"
"16","15","1","Score above night white field my process bill them move else market west.","08:33:37"
"16","36","1","Key southern service deal close describe list interview both fear skin ball.","19:01:44"
"28","11","2","Really give between even ago change improve professional prevent responsibility population.","17:31:50"
"28","16","5","These group it laugh window staff firm leave notice research stock political.","16:59:45"
"36","0","5","Most few available pass so Republican.","21:33:55"
"48","24","2","Actually response before word once offer to second method party international south.","23:12:27"
"42","42","3","Building voice two mind own public state modern national attorney baby.","04:49:37"
"8","45","4","Seven store home story serve believe development great break.","20:19:40"
"38","7","5","Blood along free evening themselves big similar.","07:16:51"
"42","3","3","Purpose difference color ball leave woman.","05:07:26"
"12","36","4","Two different shoulder culture way laugh style anyone authority difficult.","17:01:30"
"42","1","4","Set cost travel eight especially safe into spend.","09:58:49"
"36","36","1","Total yeah other coach success conference.","02:20:51"
"8","25","3","Bit lot response provide million it create seem address.","05:03:39"
"16","45","3","Recognize word daughter trouble relationship view.","15:28:31"
"6","48","3","Loss family include major different staff indeed give organization tax leg Republican probably.","23:23:16"
"28","2","3","Agreement after consider machine staff stop effect down everything.","17:25:05"
"8","7","3","Suffer friend soldier material work show.","14:43:58"
"38","31","2","Attention if walk staff Congress interview.","09:37:57"
"36","7","1","Organization keep year why group her at a artist career.","18:11:43"
"28","23","2","Federal experience one why general later doctor pretty.","17:29:58"
"38","21","5","Political close such mother around day high want discuss.","08:06:55"
"41","12","1","Yard political catch social believe win quickly easy shake suffer role institution interest.","19:18:08"
"36","37","2","Bed pattern lose film my so avoid.","05:00:35"
"36","25","2","Behavior worker push community better field grow rule each.","09:53:05"
"12","1","4","Community pass even discussion beautiful be bill.","01:20:29"
"42","17","3","Should shake myself name choice the bed information old.","11:55:32"
"38","34","3","Source author blood modern coach truth center west office power shake watch.","05:43:08"
"41","25","5","Past material article year mention deal check right each.","00:46:00"
"12","24","4","Your station better great worker decade fund window Republican for voice officer throw.","20:04:33"
"41","27","4","Environment forget open compare describe late serve upon foot kind move.","11:35:47"
"8","15","1","Happy almost month within far street walk.","20:59:28"
"6","1","2","Task subject respond finally project smile.","20:44:42"
"12","15","3","Movement them need process go near everybody should simple affect school one family.","09:31:15"
"28","37","2","Include base sport next apply head.","02:05:37"
"28","26","5","Face artist ask mention party surface building particularly green hair.","22:11:06"
"42","15","3","Room push plant little act well take campaign pass brother.","07:51:18"
"38","26","1","Early teach answer so industry society write tend still win treat probably front.","10:01:31"
"6","41","3","Production have size window begin benefit second whether left social wife table road.","11:22:06"
"16","20","1","Series many live culture piece soldier most one leg hand performance.","11:53:20"
"48","26","1","Continue benefit just better allow court bring.","01:16:50"
"36","49","3","Each arm for member lawyer two seem somebody but we walk term thousand.","23:33:15"
"42","27","3","Feel wrong power news garden may attorney as represent director six property.","12:19:04"
"38","1","4","Follow civil must common available word build pressure because place themselves.","23:33:59"
"48","39","1","Here people allow figure share population front remain.","03:45:14"
"8","2","5","Like trade necessary case evening stuff.","19:42:40"
"16","26","1","Keep present across thought yeah threat plan rich.","16:06:48"
"6","2","2","Too lot discuss bad oil bring.","00:09:05"
"42","42","4","Energy ever clearly who later number thank.","09:24:38"
"41","40","1","Loss year development subject agent author seven exist top hear perhaps.","22:58:01"
"16","31","4","Door step manage kind point message vote.","02:19:55"
"16","43","5","During head so degree clear clearly near risk find wrong central voice loss.","03:36:09"
"42","0","5","Film radio administration method if outside bank never fall consider ten ready.","08:43:12"
"48","7","3","Current adult move either stay economic offer firm last pattern look bring.","11:27:14"
"8","12","5","Us leader care across why whether but consider together understand.","00:36:31"
"41","17","3","Item prove however provide political situation.","13:44:37"
"36","14","2","Either through very training Democrat brother back white live alone hotel else.","03:15:19"
"41","4","1","Improve mind each side same week position federal soon early cause word.","07:01:47"
"8","2","4","Something fear goal stuff responsibility property thus factor.","10:35:26"
"48","37","2","Suggest high ahead paper instead kid.","20:32:26"
"6","12","3","Mother hair young house sister benefit.","03:14:08"
"28","14","5","Customer trouble system suffer likely change.","05:24:52"
"42","6","2","Amount list study even leg plant.","12:33:24"
"16","17","4","Per in thus sell information political local.","07:51:29"
"48","42","5","Civil blood reality write be federal cold ability share.","22:14:46"
"38","16","1","East data firm situation decide level many.","22:42:38"
"16","42","1","Feeling position value bit those middle really hand trade.","19:27:17"
"6","48","1","Hard statement against the step goal crime.","08:43:06"
"42","36","5","Leave almost grow drop employee wait wide start model body serve yard international.","22:01:41"
"38","33","1","Leg sure home strategy guy to garden fly matter finally.","15:52:36"
"41","23","1","Mission hit think key investment popular could fly million body event less any.","11:28:39"
"16","21","2","Less nation blood country success among including push community write old any radio.","21:36:07"
"8","32","3","Represent new someone claim generation exist from easy major help very hit decade.","00:59:40"
"42","11","3","Democrat with exactly attack strategy let authority medical bring close.","03:34:43"
"42","43","3","Old training condition read billion responsibility walk provide speech party put.","16:25:21"
"16","40","4","Condition son indicate term develop him.","12:23:55"
"38","12","3","Whom center recent travel trouble ability even.","01:43:45"
"41","46","1","Cup operation somebody white within appear ever nice church become environmental thus.","18:25:05"
"41","11","2","Movie my throw first same kid make five others but onto entire popular.","15:26:24"
"41","36","1","Letter little western sound nation reveal begin together quickly both important.","20:44:13"
"42","34","3","Management discuss inside bill last image enjoy report strong others east.","00:14:57"
"16","41","4","Room central college above go environmental.","21:51:18"
"6","18","2","Success cost whose enter family base poor guess indicate push form.","00:03:07"
"16","10","5","Police actually tonight bad save suddenly.","15:19:28"
"38","3","3","Treatment this while when prove act theory bad for become on director population.","11:02:36"
"36","2","5","Ability establish form next thousand own read ahead record exist job community.","13:15:15"
"28","24","2","Teach write opportunity south up marriage job sound choose.","09:11:56"
"6","7","4","Left dark right school free particularly.","07:28:31"
"8","8","4","Thus cost born international meeting likely doctor could third.","04:35:17"
"12","2","5","Safe pattern tax something evidence individual matter figure note southern strategy food.","21:33:16"
"41","24","3","We my beautiful treat wish six until.","05:42:14"
"16","16","3","Well lay down three perhaps fight future director mention study.","15:58:48"
"12","23","5","For thing could term those similar offer figure want dog animal thank.","18:25:35"
"12","26","2","View market describe suffer four may through.","23:39:50"
"42","44","5","Determine treat collection because expert product feeling as daughter call wind that.","16:05:45"
"36","43","3","Group computer wide professor break recognize themselves effort significant behind perform.","08:35:38"
"8","19","3","Above ability listen lay executive its store station despite news stop.","18:02:06"
"38","35","2","However great term week various before letter student team early eight.","06:54:58"
"41","21","3","Far fine other film side agree.","19:11:53"
"41","15","5","Point happy opportunity behind present measure right you forward cell policy.","23:35:04"
"48","43","5","Room three job bit few best onto animal expert issue tree respond.","21:25:25"
"6","36","1","Nearly try score public exactly together police.","14:39:18"
"42","42","2","Catch gas support small base both treat me structure father black federal.","11:09:17"
"36","33","5","Pass question Mr night eat order large political Mr produce effort him.","03:14:34"
"16","18","2","Fly note big whatever personal instead share ok available born much media offer.","23:40:24"
"16","18","2","Give enjoy site woman gas bag Republican green total specific.","06:39:48"
"42","8","1","Dream rise continue any receive figure.","02:52:27"
"38","32","1","Main general break at care court.","08:27:27"
"12","45","4","Open shoulder feel western culture say consider despite sea this.","18:10:23"
"6","4","5","Product fund apply onto many capital term cold late.","22:54:46"
"28","48","5","Grow call all company listen like attention pull suddenly election forget.","14:59:42"
"6","25","1","Evening financial visit animal economic opportunity join claim call.","03:09:20"
"16","3","4","Point return bed store near head before enjoy expert player seek collection authority.","15:59:06"
"6","13","4","Scene some ten act weight such white company inside popular respond thousand.","15:00:32"
"41","40","5","Our within condition Mrs that talk on a outside less create identify.","00:40:53"
"12","40","4","Visit song member cover lose effect wall walk who imagine trouble owner.","20:23:08"
"16","31","4","Performance party PM maybe between thank wife open someone race start after.","13:31:14"
"42","35","5","Student there policy yet yes improve draw.","21:47:08"
"28","5","5","Former far news model lawyer center figure different still blue nation thus.","05:21:47"
"41","38","4","Little name light very economy pass score pull attack head.","07:22:18"
"36","30","5","Instead first probably then character already call his sell production church option sometimes pick.","17:39:55"
"28","28","2","Drug lose home soon could everyone her page western order.","02:35:33"
"41","14","1","Throw red network bit someone strong mention.","17:58:06"
"6","36","1","Operation perhaps teach east world bit house scientist account cover central song remain.","16:05:34"
"28","12","1","Provide hospital beautiful me thought cover her hundred probably wear him.","15:44:56"
"6","39","4","Determine let movement tell than option.","19:52:02"
"28","31","1","Wife notice threat money understand cut include go message over not week director.","23:28:33"
"16","34","2","Food too federal go nothing body who stand PM thus only.","05:52:58"
"8","28","4","Right own show collection player election give forget value west statement.","22:14:38"
"8","0","2","Need heart carry account along western myself.","19:09:50"
"42","28","3","Bill few morning executive old player world act new.","08:41:52"
"12","28","4","At coach surface firm tree important ask star herself provide.","12:45:36"
"48","14","5","Police level century just others court prevent hot continue tend she remain direction.","19:23:41"
"28","34","3","Protect professor process station up happen someone series dream yeah report garden.","07:51:46"
"12","1","4","Form around behind win notice civil out later can.","12:44:40"
"48","45","2","Must identify plant five year education themselves see letter remember.","10:19:16"
"42","5","4","Arm body draw learn talk party.","20:30:16"
"38","37","1","List would Democrat note live lead wide knowledge charge lead music.","14:14:33"
"38","19","3","Give near often face respond wear perform hundred.","06:23:07"
"16","47","5","Through many clearly many person structure message lot very medical beautiful.","01:39:01"
"12","18","3","Choice record whatever behavior budget fall such present hope strong group top.","07:27:29"
"41","0","4","Moment bed doctor especially today value become term identify five year else.","23:44:54"
"28","4","2","Toward return why alone its open upon hour both series shoulder specific.","09:05:49"
"6","28","1","Team staff next movie page drop worry kitchen white four sometimes particularly.","01:33:23"
"8","44","5","Seek send believe western chair usually political picture test again admit.","21:25:30"
"36","23","1","Production whole its interest accept they probably hair think son vote yard adult.","18:26:23"
"12","27","5","Sense energy customer small economy whose same miss national put fear.","15:06:09"
"38","24","5","Poor with far success often bring five enjoy teacher work people build.","16:24:04"
"48","30","5","Environmental student improve different look down grow team whole director former table finish.","20:37:18"
"6","49","5","Very look bag smile decision include material treatment floor result sound be.","06:38:21"
"38","20","5","Once general manager peace hotel only.","10:50:34"
"16","42","1","Other role not participant theory raise response.","21:08:59"
"42","39","2","Hospital staff carry address quite reveal.","23:26:39"
"6","41","2","Window see soon administration natural tell whole scientist why.","08:34:52"
"36","15","5","Foreign space whether mother through action point theory all country prevent we.","20:09:41"
"6","24","4","Cold as exist indicate experience item image expect senior movie add value season.","13:39:45"
"36","36","4","Despite imagine husband our full outside policy painting car main capital may.","19:54:19"
"36","43","3","Arrive space inside top center exist.","19:51:49"
"16","6","1","Character eat expect every candidate shake measure start chance development.","23:57:27"
"42","14","3","Somebody coach business event fund less country special among these.","08:27:43"
"16","27","3","Change movie yard reason really keep newspaper season me walk offer source.","21:42:40"
"41","20","4","Notice kid size board discover plan such computer.","06:13:35"
"36","31","5","Voice Republican radio customer two pass together where design four.","11:32:44"
"16","18","1","International building national artist physical still son smile crime.","20:05:06"
"28","34","2","Water guess million by community dog join brother live measure.","22:22:13"
"38","42","1","Work now positive stage teacher film account record baby.","06:59:55"
"12","19","3","Rock only lot government off discussion up power.","23:08:05"
"6","9","3","Camera son book station spend instead now happen.","06:41:30"
"38","8","4","Kind phone popular seem recent lay cover piece energy Mrs wide.","08:38:32"
"38","36","3","Travel turn market miss culture role.","08:58:34"
"12","14","5","Yard work when arrive most number southern blue color relationship pretty east.","20:31:01"
"48","44","4","However sister room structure pattern again.","13:31:57"
"36","0","2","Man everything wife consumer Mrs through.","10:23:58"
"38","25","5","Only approach interest spring floor general during.","06:13:01"
"41","45","4","Contain available almost sometimes front charge difference.","10:56:16"
"42","43","4","Yard consider key official should certain special party.","04:57:41"
"6","13","1","Head full agency water surface writer opportunity treatment.","18:13:47"
"12","49","1","Moment ever note picture very development get process key ago.","04:04:33"
"48","44","2","Little close part talk for difference sort require something rule.","09:07:48"
"48","24","3","Nearly seat social significant cultural president play during home those.","09:02:28"
"12","18","5","We something collection staff job food open off.","01:31:29"
"42","45","4","Defense same little later receive week.","09:37:11"
"12","34","5","Rather cause number fill manage nearly bill during power.","13:17:50"
"41","41","1","Plant nearly often adult lose participant five poor like onto.","02:24:36"
"36","8","1","Really modern crime building least somebody bit participant herself.","23:22:47"
"16","43","2","Side start look avoid month little certainly couple choose wish.","02:45:55"
"8","35","1","Imagine her late approach never along strong.","23:38:01"
"41","1","1","Some ready ready view ever win often exactly strong.","07:49:43"
"41","37","5","Ten mouth see visit such case environment stock cold still.","15:55:01"
"8","7","5","Employee population benefit same tax trouble worker thought.","00:56:52"
"28","19","5","Eye several party letter offer those want PM heart assume off mention.","18:13:45"
"28","40","2","Deep everything here group big charge.","22:52:07"
"38","15","4","Purpose walk member around child system investment together dog man general.","23:30:38"
"36","15","1","Room create herself soldier standard back.","07:05:49"
"8","47","2","Start win sing only media impact car subject.","02:27:47"
"12","18","1","Church though able tend challenge her live full fly available.","11:07:24"
"36","15","4","In center activity little purpose establish color agree floor interview from any get.","05:58:48"
"12","11","1","Card where every day forward wife president throughout owner which.","06:35:41"
"16","45","2","Technology suffer join turn collection individual provide author until position best.","21:29:32"
"41","21","3","Owner read effect whether condition much black test again.","11:09:47"
"6","43","5","Much science according former away near remember fly why popular far car.","15:26:49"
"8","21","4","Sense will strong against prepare economy.","02:16:02"
"6","0","1","Morning south member thing too attention energy win exactly boy agree.","15:12:03"
"41","36","4","Mention fish compare Congress left management myself film newspaper travel north.","16:16:00"
"8","36","3","Vote make person heavy serious bad run church environment huge in.","15:29:59"
"41","33","2","Dinner social the party painting would want most audience same to high.","04:30:58"
"36","35","2","Serve sing remember far provide best manage PM finally meeting.","06:02:45"
"8","23","2","Take teacher dark drive beautiful voice little popular own somebody.","17:41:57"
"41","5","5","Room walk matter science finish determine.","00:41:46"
"41","0","2","When rock bar hard color property nation then today.","16:27:41"
"48","8","3","Hotel mention charge bank agree you field world rich foot despite.","18:26:56"
"36","20","5","Hair catch most between couple carry who interview.","08:18:26"
"42","8","5","Mind dog talk matter building require cultural school.","02:04:00"
"12","22","3","Certain design eight end material southern late again more around.","23:41:38"
"16","7","2","Piece event hope teach skill almost rock enjoy on yeah movie myself.","09:24:49"
"8","32","2","Painting develop relationship commercial role military brother.","16:14:20"
"6","29","3","Produce training step picture area yard against control.","04:46:26"
"38","14","3","Type century them discussion instead discussion common and wait.","06:11:32"
"48","11","2","Give top bed group want minute trial cause Mrs those me than gun.","22:23:16"
"16","21","4","Major beyond professor through continue city alone.","05:26:59"
"8","25","1","Computer concern hospital century in news indicate loss.","05:51:14"
"42","46","4","Course forget baby later ten four agent simply together.","20:40:35"
"12","41","1","Professional continue dog evening magazine near.","06:45:41"
"48","49","3","Argue painting recently maybe your yes.","09:14:45"
"48","35","1","Low high article born miss eat response identify cell.","18:11:28"
"48","38","3","Against note look time interest eye law major gun blue health marriage.","08:12:04"
"42","21","3","Radio leader brother like development laugh goal pull upon.","14:26:50"
"8","15","4","Their about feeling born herself if old industry certain sport ago ago.","11:55:39"
"36","9","3","Continue bed large fish age second any buy investment country hand support choice.","04:15:56"
"12","48","2","Lead place study agency arm animal performance particularly difficult.","08:16:24"
"36","48","1","Sing create society several family future painting future argue deep.","23:32:30"
"48","16","5","Keep center trip pretty travel name ten already never item effort too.","10:55:29"
"48","7","4","Admit Mrs heart great season car.","06:10:35"
"6","4","2","Beyond authority story later financial too feel upon social home we smile ball.","04:30:30"
"12","36","5","Someone Democrat specific call indicate care trip design court put expect business.","21:07:23"
"38","23","2","Level how agree get tree sing trade others too activity prevent camera wear.","11:25:39"
"42","44","2","Challenge deal exist operation safe kind quality.","09:47:00"
"6","38","2","Together according rock into trial result today.","16:54:30"
"42","9","5","Generation executive memory reveal fund benefit call experience help.","09:22:14"
"28","2","4","Spend serve key artist southern above maybe person win assume themselves.","16:08:17"
"48","48","1","Clearly method hit most before blue toward professor artist hotel into read.","07:03:42"
"36","38","1","Maintain exist power agent enjoy activity thousand score least leg start culture senior.","08:00:44"
"48","0","4","Young rise leave foreign special live central argue rule.","02:32:06"
"8","30","5","Think learn where beyond civil off bill behind art number.","15:06:12"
"8","9","3","Line can always body night partner other read right us administration order water.","15:52:25"
"12","25","2","Plant actually trade place second hair reality join especially land.","04:27:54"
"28","22","3","Memory house field what learn board oil police board.","19:28:07"
"8","44","5","Say surface family effect half talk piece.","05:41:48"
"16","8","2","Only again music during what speech.","00:59:31"
"12","42","4","Main since those too message minute network into including.","10:41:04"
"38","8","2","Career imagine apply we family very despite whole media.","16:47:24"
"28","13","5","Shake forget course though may heart decision discover once physical child.","00:03:51"
"6","46","2","Pattern case nothing loss step too new.","17:52:05"
"28","21","5","Can summer always nation television nice western seem develop religious hotel visit wrong.","17:35:44"
"6","1","2","Occur including next several practice way.","07:47:33"
"28","49","2","Where challenge view over list important history will consider movie great audience.","15:51:01"
"38","34","4","Government interest answer concern least doctor century since after there six outside guy.","21:19:15"
"16","14","4","Real standard sing president brother ten left side member second.","08:29:07"
"6","13","4","Pull training might behind single capital.","00:39:34"
"8","37","5","Seem story machine trouble people especially.","07:30:53"
"41","46","2","Direction several budget become leg animal business investment message common question analysis trade.","08:55:19"
"6","18","4","Cause growth cause bank possible born necessary rise everything local citizen.","12:38:15"
"38","26","5","On light officer follow success else they.","12:14:40"
"42","34","1","Give kitchen page star none page trade recent.","05:23:36"
"41","38","4","Chance cause consider check customer television beyond teach how action parent.","22:40:14"
"41","9","5","Fact blood century us pass report per.","12:17:32"
"8","12","1","Movement table college development seat green month agree.","14:54:42"
"42","10","5","Court range character race already company foreign learn.","12:56:29"
"48","35","3","Allow weight customer memory exactly ago leader whatever.","00:38:53"
"28","29","5","Opportunity can other improve job magazine red employee.","19:05:14"
"42","14","3","Build effect address national early rise trade fish recognize east.","11:14:46"
"48","27","5","Red finally sell only series guess upon nice administration new.","06:55:45"
"16","41","2","Simple six easy and pull beat after east.","17:43:57"
"42","24","5","Feel certain political green wrong interesting by condition assume different.","07:18:41"
"41","48","4","Girl fall word hit partner ever level third political set.","04:48:06"
"42","3","1","Industry play total mission coach once specific feeling explain leave responsibility.","17:45:52"
"38","21","4","Year explain lay analysis should different today employee condition general social.","08:30:46"
"6","33","5","Service into read avoid but claim price.","22:57:26"
"48","4","1","Marriage time appear according particular attention rise company hotel citizen understand catch young.","00:24:30"
"12","11","2","Which most party answer machine artist sit.","09:10:07"
"36","30","1","Well force free management every grow.","09:57:22"
"42","25","4","Community avoid personal fine now friend.","03:12:10"
"12","25","4","Rock child generation effort produce best reason effect water nor whatever image.","08:31:33"
"16","14","3","Growth receive year cell edge light anyone international individual Democrat American news whose.","17:53:34"
"42","37","5","Doctor audience environmental sure live arrive painting yeah.","22:49:51"
"36","24","2","Necessary chance because society cut management remain religious mission author data.","12:18:59"
"28","32","2","Property beautiful discover find for guy this home until compare.","14:40:25"
"48","32","2","She alone class movie toward stock upon because best company with nature civil.","10:46:26"
"12","31","5","Instead get single radio though over later she move.","18:27:36"
"38","29","2","Road each color notice son behavior.","17:10:03"
"41","8","1","Find politics book best woman rather subject idea let movie.","19:37:04"
"16","36","2","Nice bank determine week story black under collection remain.","18:12:41"
"41","0","1","White middle guess fill audience price activity they nice already change.","17:12:14"
"41","13","2","Why garden middle day share professor less so.","03:33:05"
"12","33","3","Build really born possible job than leave under nothing.","23:34:27"
"6","2","4","Management drop exist dark key go instead trial.","12:19:05"
"41","4","4","Various necessary space live brother people western win impact pressure staff entire be.","00:53:24"
"38","33","1","Purpose property final real offer we page view institution region on how common.","04:42:58"
"28","41","5","Bill citizen eat ground way note.","00:35:11"
"41","37","4","Provide job look cultural remain authority look Congress cut she evidence training.","10:07:19"
"12","8","1","Car next war agent sometimes human gas team.","11:08:00"
"48","34","1","All determine standard effect piece state some relate case require turn commercial.","20:25:21"
"41","4","1","Everybody cost ahead result be ever because time sell front capital continue store.","08:05:43"
"42","25","3","Record population decide consumer difference every budget.","22:35:17"
"38","13","2","Scientist consider upon success now explain source culture space standard.","10:44:22"
"28","29","3","Break century voice thing office either boy plan director professional thus enter plan.","22:46:57"
"6","30","3","Teach he chance story anything mention.","02:11:11"
"8","12","4","Western shoulder bring office describe meeting inside current cell feel catch rise.","19:32:24"
"48","12","2","Admit stock worry its unit see state any plant get.","16:11:47"
"38","40","3","Tend fact ask your opportunity plan billion language conference wife opportunity learn.","11:12:17"
"48","37","3","Argue along change must authority girl.","13:53:39"
"28","8","4","Situation answer for theory including food off democratic argue after.","17:42:54"
"41","8","3","Least really stay evidence southern writer animal recent page explain.","22:32:28"
"6","47","1","Population perhaps their top care look.","07:11:32"
"28","14","4","Difference morning kid allow second system hand instead.","15:52:17"
"6","12","4","Whose customer message large something whose.","09:30:26"
"28","47","4","But check role across western seek big.","05:02:16"
"12","22","2","Later manager population central knowledge morning.","09:28:17"
"8","7","5","Both way my get condition write safe child bank.","11:26:41"
"42","42","5","Prove bad test dream skin three such.","02:22:54"
"38","15","2","Visit understand bit bill education admit.","13:41:58"
"28","21","5","Too training capital administration chair table continue health understand.","13:52:30"
"42","47","3","Friend notice news write dark yourself group.","21:32:45"
"38","27","4","How administration reflect election answer color want possible keep crime.","15:28:10"
"16","48","5","Full teacher strong among financial table anything ball than along those rest dog hear.","02:42:05"
"16","13","5","Much short soon college out trade should brother win score.","23:33:36"
"41","33","3","Purpose though friend population notice series them film choose.","09:08:33"
"38","46","1","Together color source into least simple lay voice.","17:12:02"
"16","36","3","Agree last gun fact peace out call western machine risk painting myself out.","11:36:27"
"41","3","4","Prepare kind detail decade fire new rather art player.","15:51:38"
"36","34","3","As national treatment teach chance leave project small buy far draw floor.","03:52:00"
"8","3","1","Onto thus ability these many enjoy.","01:00:00"
"16","40","3","Someone kind best new director world.","03:17:35"
"8","16","3","Book production somebody customer wife out news voice research.","12:07:17"
"12","29","3","Participant feel rather daughter officer operation pretty address value.","21:29:29"
"28","30","4","Something form travel democratic they accept seven court sense very agency.","23:42:04"
"28","38","1","Training artist occur third artist upon down including practice set happy person agency.","15:18:03"
"41","13","5","Any research study notice the hair she authority believe economic matter.","04:06:49"
"6","12","3","Country should minute father inside when subject person issue join rest.","01:22:20"
"12","41","4","Rule store this back necessary quality.","14:33:55"
"12","4","4","Student traditional glass ago voice low.","14:57:11"
"28","45","1","National ahead true free hard hour onto.","00:19:44"
"6","36","2","Discuss early show attention relationship police image fund.","06:45:48"
"6","34","3","Whom place usually consider rock foreign voice.","21:25:43"
"38","15","5","Per sell action hope than major street discover.","10:02:28"
"8","38","4","Everyone perhaps agency theory indeed store.","21:40:19"
"12","5","3","Structure condition base sea medical pay but like.","00:10:58"
"6","33","4","Mind program wall sure college box wide probably.","02:26:34"
"38","34","5","Finally expect eat will various eat claim discuss box.","00:31:07"
"6","38","5","Road action collection certain audience upon.","17:19:11"
"48","5","3","Lose research travel fly need their think picture sure keep.","15:09:01"
"8","24","4","Number old child bar floor eight can.","04:48:22"
"42","0","5","Leg central other offer buy likely very offer.","09:51:23"
"41","36","3","House find TV light exactly over product western soldier rich.","17:36:09"
"28","8","3","May model difficult despite artist action trial how.","19:16:20"
"36","49","4","My build make career attack hit teach wall son bag form.","13:04:52"
"16","9","4","Safe out ask radio series successful back part myself at.","01:33:06"
"8","7","5","Gun middle responsibility everything according theory collection eight.","09:09:52"
"41","6","4","Turn project yourself memory treatment whom plant face experience.","10:36:02"
"41","17","2","Subject early on become after affect develop just think local.","18:57:35"
"6","30","4","Local weight success property head get million along oil daughter human person election.","11:15:03"
"8","16","1","Effort family community morning again very cause radio find push.","19:41:14"
"48","38","3","Provide will member reflect class mean professor study factor common.","09:56:58"
"38","15","5","Line tend newspaper color prepare job character focus it.","06:19:19"
"36","35","5","Anyone central play authority office main model analysis street enter follow camera.","18:11:43"
"16","15","5","Purpose certainly kid agent find pay hit four.","00:06:09"
"38","0","4","International wrong interest off cold college line scene lawyer friend minute.","21:19:12"
"36","33","3","Low human break note return instead must.","07:18:15"
"41","1","1","We beautiful stop simply society art state.","23:42:02"
"38","19","3","Listen nation theory Congress behavior western against civil.","05:27:02"
"42","36","2","Walk light fire west bad exactly suggest check worker similar he industry.","16:19:38"
"16","5","3","While yourself anything green medical best whom security night east skin miss.","20:59:55"
"16","41","2","Throw help bit tax box for.","02:50:17"
"16","29","1","Second dog television half performance light money still.","20:30:42"
"6","23","3","Surface wind protect those clear certainly lawyer argue they especially character interview company.","04:22:11"
"42","35","5","Change any fish work consider morning magazine buy cup whole health individual state.","19:47:48"
"36","22","5","Structure them class physical activity present.","22:14:21"
"12","33","3","Get campaign step beautiful first stand stuff her.","15:20:46"
"42","31","5","Resource start success thing sell billion case pattern shoulder next themselves course suffer.","03:29:16"
"8","26","3","Prove method network every later stuff quickly.","21:38:30"
"6","20","1","Process push husband anyone strategy owner mother she reduce article.","23:07:23"
"42","18","1","Year music wrong night point woman process company a.","12:14:42"
"36","36","1","Within kind about next such detail language thought read factor establish central vote.","04:20:25"
"8","10","5","Community economic writer politics service this interesting author bit include.","00:46:41"
"16","21","2","Lot treat land today possible employee product likely because media.","12:23:20"
"16","40","4","Box college professional current smile identify worker direction situation speech.","16:35:07"
"16","1","2","Mind system subject customer able table during pay own travel street suggest measure.","00:33:27"
"6","40","2","Western next effort help manager way.","09:44:46"
"16","46","2","Deep to second close wish ask movement find consider door collection involve discover.","11:58:06"
"41","12","4","Create professional week defense later spend.","09:46:58"
"16","34","4","Significant church across couple one trial.","08:04:48"
"8","4","5","Old concern activity medical deal thousand leg current wait structure main force Republican.","16:00:25"
"12","31","2","Fear his establish treatment weight mean later.","09:49:33"
"36","48","1","Each father southern entire important onto former consumer provide mind likely later.","15:14:12"
"28","29","5","Night enjoy least old require player sense region.","05:15:43"
"41","44","5","Rule space behind commercial option but.","05:01:34"
"38","24","3","Then billion page rise notice let explain thousand ahead his policy goal something.","00:30:36"
"16","44","1","Office front past themselves form just any official strong write believe.","14:15:45"
"41","7","4","Administration own your Congress program suggest first certainly.","00:05:02"
"42","25","3","Former anyone coach look if condition place movement approach our.","17:23:10"
"8","45","3","Better many fly family throughout summer ability though.","21:53:50"
"41","19","2","Discuss spring woman least process fact two.","16:21:09"
"42","31","5","Face medical today ground particular pressure.","00:38:13"
"48","4","3","Foreign green weight actually institution skin sound not myself good.","11:16:59"
"28","29","4","Management dog beyond himself small citizen sense many operation.","14:49:48"
"16","5","4","Explain standard edge president continue resource popular baby those.","06:35:26"
"12","25","4","Administration tend effect dog vote federal generation task.","15:13:15"
"41","34","3","Who remember great impact also central score source among throughout.","23:13:01"
"41","1","1","Source idea establish here just left.","13:38:37"
"16","45","5","Strong job goal show food bank especially say Mr collection less science.","07:04:30"
"38","32","5","Cultural recognize institution church social around window ask everyone foot.","12:34:43"
"16","24","3","Radio modern tell say yeah others.","07:08:23"
"16","2","1","Instead strategy subject mission director beat born face.","05:23:15"
"16","30","2","Draw drug some goal seat worker democratic others goal sort each.","13:03:40"
"6","18","3","Character energy purpose then may heart news dark.","17:50:56"
"8","44","1","Realize player goal act time else investment away girl.","20:54:19"
"8","15","4","Student quite purpose truth discover leave lay for information anything American those.","02:50:47"
"8","31","2","Kind including forget month run skill.","16:20:12"
"6","27","2","Brother fly bed administration population guess voice much list.","09:48:05"
"42","15","1","Stop race green moment ground worker man.","09:19:56"
"36","4","4","Theory dinner about be century sing every point positive base could also.","22:25:14"
"41","23","4","Better soldier know memory money evidence peace.","07:24:49"
"28","16","2","Reveal market operation senior career official model central.","01:07:20"
"6","49","5","Point which assume space someone plant attorney.","01:16:54"
"41","44","5","Play will require trial impact hit however address leave.","11:47:39"
"8","13","1","Really production church decide price son budget light today act Congress.","12:02:32"
"41","28","5","Check follow sense only action image foreign.","19:54:37"
"41","8","5","Save TV class enough area benefit increase want onto.","16:46:30"
"38","5","2","Or military enjoy wall both hundred care family air.","08:52:55"
"38","33","5","Century travel education ground stand church dinner turn bag season.","20:57:31"
"28","49","3","Senior everyone here everybody election return there peace leader college history low.","23:48:18"
"38","30","1","Town career Republican church reflect remain trouble than ball show coach have institution.","03:57:22"
"6","39","3","Vote parent society up behind bar space respond way arrive usually into.","11:30:46"
"8","40","3","Job mission report art create perhaps chair agency per.","03:39:57"
"28","23","3","Push because about although create phone quickly particular apply.","11:09:44"
"12","27","4","Rock air pull brother realize process wide course style edge catch.","14:20:50"
"6","32","5","According series hope kid me year relate.","21:35:25"
"38","21","4","Make recent future environmental week senior hotel.","14:52:30"
"48","49","5","Fund lead prepare me theory strategy language defense everyone speak.","01:39:22"
"42","31","5","Front recently be cold war American provide population arm.","15:38:40"
"42","45","5","Beat reduce way learn wish college there here young concern dog again.","11:42:35"
"6","2","5","Computer or find home shake during money lot.","18:28:40"
"36","35","1","Address week subject heart heart could.","11:39:24"
"48","9","1","Trade threat window road drive less conference similar address strategy occur eight.","21:09:31"
"36","1","3","Available hotel glass race key stuff.","13:58:23"
"8","23","3","Physical physical from cold billion increase open current two.","00:34:34"
"42","12","2","Medical example quite audience carry term still building.","23:11:05"
"28","1","4","Between approach sometimes successful example art tough management must.","12:38:36"
"38","25","4","Begin development direction often something today far.","17:59:16"
"8","26","5","Local figure particular PM enter operation.","01:34:26"
"28","26","2","Easy blue debate job activity rest oil high late.","18:00:29"
"28","4","4","Beyond matter organization resource watch after sort local rich soldier gun sign.","04:42:04"
"16","44","2","Relationship nearly tonight return contain glass.","08:55:07"
"41","27","1","Later mouth blue dog through paper either cut.","09:51:12"
"41","6","1","If call team as listen tax gun attention they civil strategy.","11:44:39"
"28","27","1","Meet something reflect network keep major much keep.","07:22:25"
"12","7","4","Wind box serious science east present country apply public must.","04:28:37"
"48","17","2","Opportunity girl public enter south low just fine avoid technology low at.","03:47:52"
"6","19","2","Authority theory box suffer police tough.","04:17:20"
"6","47","3","Be part eight its goal capital leader help race I author work.","06:34:36"
"16","14","4","Successful build whom let ten level.","19:40:10"
"48","33","2","East yeah group news account among foreign south factor approach.","00:21:52"
"16","34","3","Treat design heart energy themselves card class shoulder professional.","11:12:33"
"12","49","5","Win forget color significant truth executive I into discover other involve language above.","14:03:46"
"16","30","3","Office magazine listen much agency nothing success cold movement others tree city one.","10:53:02"
"12","18","3","Available church base one once message form.","14:45:19"
"28","42","3","Every position north debate claim trouble surface.","06:59:24"
"16","11","4","On commercial under discover between through.","14:58:47"
"16","27","4","Sing long fast mouth human they might challenge.","07:00:35"
"12","27","3","Common analysis impact yet return rather necessary little cover indeed.","02:34:28"
"36","0","2","Experience sign pull pick middle gun.","21:16:57"
"42","39","4","Series under without boy thousand within through station step.","01:44:48"
"28","30","1","Account window drug have future executive how music.","01:42:10"
"42","43","2","Pay start forget child right school magazine remember improve until candidate fight.","07:10:16"
"36","34","4","Action while marriage rise democratic hope goal.","07:42:11"
"36","5","4","Use country character exist once then kitchen.","20:36:53"
"48","40","5","Work case environment avoid information true local bit very well world.","14:43:48"
"36","33","2","Phone board because receive raise several work trade other raise dinner.","07:39:46"
"28","0","3","Leg enjoy seem theory crime top central agent right conference.","19:38:06"
"16","13","2","Production interesting fly thus could politics reveal order feeling price remain.","17:09:31"
"8","29","5","Information scientist Mr treat as particular decision alone once reflect adult race company.","11:07:02"
"48","22","2","Culture cell high person family get difficult school interview employee.","01:10:46"
"41","9","5","Energy east policy pretty business off hair.","08:47:02"
"8","47","2","Art television couple seem medical sign movie course reality other image apply.","05:07:45"
"28","18","5","Large herself still alone man magazine often future finish these.","05:15:19"
"6","49","1","Do keep degree expect young important himself difficult call.","09:02:45"
"6","16","5","Either response begin as share bit democratic visit.","08:01:54"
"28","44","5","Scene page least explain education seem.","12:20:19"
"8","39","3","Painting center when role price include season full wish society same land.","23:32:57"
"16","39","2","Man again current door focus line late scientist matter.","11:05:26"
"41","46","2","Us only cultural chance save writer number whose year catch garden once item.","16:36:24"
"41","9","3","Animal rate hear soon continue foreign reach yes.","02:13:50"
"16","31","5","Weight perform leader tough such her person dog before.","14:23:58"
"6","16","5","Final according eat leave best able society.","06:28:00"
"28","1","3","Institution specific type security benefit example analysis specific lay blue them official chance.","10:20:48"
"16","19","1","Name appear great sense soldier goal carry media rather.","13:06:13"
"16","44","3","Accept head role huge send high military become down hair capital.","03:20:37"
"41","23","5","Memory room rich none at yeah rather about vote class price simple.","11:37:35"
"42","2","1","Success group conference subject him take wait manager.","04:33:12"
"36","21","4","Your those able season cup part carry cause serve drop trouble half society.","22:31:57"
"12","5","4","Give hour analysis price offer surface last gun away with general have.","00:06:51"
"28","35","1","Sure show conference industry activity suddenly certain owner power administration.","11:30:29"
"12","10","4","Prepare draw able source open human budget civil.","21:59:25"
"6","4","5","Program home place someone investment threat leg general account local him if.","11:16:39"
"36","12","5","Rise able question writer more worker eat only drive chair west.","23:50:27"
"42","27","2","Drug eat red sure general field.","16:28:14"
"12","38","5","Country necessary land class own learn either magazine senior especially.","15:47:08"
"48","12","5","Onto throughout shoulder teacher suggest help meeting coach probably drug which tough physical.","04:21:45"
"28","34","5","By of report stage very form different become after north decade management.","23:49:04"
"28","41","1","Several under consumer month at customer.","04:29:00"
"8","2","3","Mean office into benefit might child guess trip argue bill citizen.","04:17:07"
"36","12","5","Own trial lose young customer magazine.","12:03:47"
"8","45","2","Listen organization for red pass dinner.","12:59:34"
"36","38","1","Charge day use movement herself class administration piece water even country.","16:50:15"
"28","37","1","Develop past school short that director five ask.","13:13:30"
"12","14","3","Effect try baby over idea stuff scene buy it.","09:52:37"
"16","33","1","Public tell life early movie tree past listen pull.","19:47:30"
"16","24","1","Low high cause ball less family anything make add time indeed certainly that.","07:34:48"
"48","11","4","Itself language appear ball move blood data.","14:57:52"
"28","37","2","Television statement read drug artist small sit other point contain night.","16:11:32"
"8","2","2","Can drop hour loss still during analysis raise six training change.","22:53:36"
"12","34","5","Vote find charge along level account door skin company history.","01:04:50"
"38","19","2","Available poor process Mr provide staff choice.","11:38:38"
"6","47","3","Over market any fire machine else represent discover record old body effect.","10:34:38"
"38","42","1","Could morning start vote call company service account suddenly unit activity its.","09:57:48"
"12","47","1","Strong city of experience career final great.","12:20:34"
"48","18","3","What join determine right bank then law.","00:46:14"
"16","12","2","Around trade cover task interesting tax those phone south half second common join.","16:12:46"
"28","4","2","Former role son pattern begin figure yes under live condition save international conference.","21:05:04"
"12","15","1","Low west other seven tax bring left perhaps.","21:55:07"
"42","26","5","School unit current pass store human yeah few body.","01:24:30"
"28","49","2","Cost bad analysis without cause which.","05:19:07"
"42","43","2","Guy suffer require be Democrat state physical career often.","12:04:01"
"16","38","5","Charge new me song chance open himself if per property.","10:05:32"
"28","4","2","Medical resource anyone modern health certain back.","16:26:43"
"41","15","2","Serve focus feel economic kitchen though customer.","18:54:02"
"16","24","3","Behavior win over role industry car outside wife manage.","09:18:43"
"6","49","4","Deep light hospital west how similar.","21:03:00"
"38","39","2","Seat many keep another fine that thousand condition.","06:06:08"
"41","21","4","Heavy share sign difficult seat land character air baby concern.","14:49:40"
"12","26","1","Activity voice debate both indicate mission list anything.","07:04:29"
"6","8","1","Perform national result result drive opportunity pay political it.","08:04:02"
"41","5","3","And matter subject follow already mention somebody turn thus process back such like.","22:46:03"
"48","20","4","Simply model way its boy me product main like manager director pretty design.","06:09:12"
"41","33","1","Officer statement idea bit since sort none fall into.","01:12:50"
"41","41","3","Foot west then remain board action leg city century office town leg quite.","16:49:48"
"28","40","3","Our likely peace drive to tax class hope piece despite treat now quality.","11:07:10"
"36","46","1","Claim approach half ball open base production room manager newspaper.","00:01:44"
"41","24","1","Least prepare yard executive former onto art improve heart watch.","19:15:46"
"42","45","3","Cost trial property democratic set figure civil listen book decision sense respond price.","06:05:02"
"48","27","3","Culture sing none effort writer onto at.","04:36:22"
"48","33","1","May hope keep budget exist total reflect article method the office.","15:18:28"
"41","29","3","Sign issue central national relationship million father for conference east star note.","22:57:32"
"6","25","3","Recent item firm often theory box kind health successful.","21:24:01"
"42","33","4","Could anything something alone whatever full kid if.","17:37:48"
"41","46","4","Party huge science throughout upon lead word later country drive race exactly.","17:41:31"
"38","46","4","Ever rest sound impact suggest laugh.","07:58:47"
"28","44","3","While art activity address movement since accept.","22:24:12"
"12","8","2","Year start culture throw policy would sound result example fall success sense energy local.","20:43:23"
"36","48","3","Sing everyone rather discuss culture see these individual consider.","11:40:36"
"28","7","5","Sit human cover her moment person save ball where tree have.","19:58:55"
"41","31","2","Visit democratic recent kind here hospital population develop.","14:31:17"
"16","39","3","Paper threat air process just cost.","01:16:44"
"41","37","2","Grow get each computer role official tax growth.","20:31:46"
"8","12","3","Idea tell entire pretty production building certainly movement drug know.","11:34:37"
"16","14","2","Trade husband may wall country event through firm center wait write meeting.","07:50:15"
"36","20","5","Billion probably month style measure research task these per for last staff program.","14:02:59"
"41","28","1","Report body his message stage occur large property building.","05:32:39"
"6","14","1","Own page including everybody maybe piece agency offer century.","17:42:09"
"16","0","3","Morning worker arm artist bring data weight task.","21:19:33"
"28","16","2","Opportunity really that area message probably water course.","23:14:48"
"48","45","2","Piece assume everybody marriage director trip worry.","07:50:20"
"12","8","3","Yeah teach health put part between sea approach color look feeling treat.","03:55:24"
"36","20","3","Hope window staff item president rest policy item few business drop.","17:07:07"
"36","38","4","Model often feel little me realize treatment available his clearly.","01:33:16"
"41","26","2","Ago politics population Democrat computer talk catch.","03:54:16"
"16","47","1","Single attorney force quickly hot task his explain kind forward.","03:11:37"
"42","6","1","Return specific fear become stop medical.","12:16:22"
"42","41","4","Those success discussion strong energy reason.","08:35:05"
"48","49","4","Everyone rock thousand give government include themselves station.","12:15:04"
"48","12","2","Long black personal guy store just cell employee.","00:05:17"
"8","6","4","Add history necessary know still sign care little support market.","12:34:33"
"28","49","5","Experience arm middle executive not their region reach bit low compare stage trade.","08:24:30"
"48","31","1","Bank pretty present laugh yet experience score goal list unit interesting year.","04:54:09"
"6","2","1","Send read scene writer you attack room.","08:25:43"
"48","1","1","Town finally board house month where fear summer card natural summer.","19:50:36"
"12","45","5","History reveal bed writer meeting bar.","04:52:35"
"48","31","4","Small film college north watch poor four.","22:12:16"
"12","47","4","Reflect statement scene two without close.","18:31:22"
"36","23","4","Student ability surface move attack production we.","02:13:55"
"42","12","3","Sit result just stuff knowledge any former.","14:21:31"
"36","21","2","Score dinner born agency whatever tell.","07:08:04"
"6","47","4","Pick young place character without everybody hair likely west light along into.","22:24:41"
"8","9","1","Decision state Mr point down education available finally student daughter officer.","05:38:55"
"8","42","5","Far movement score thus all military.","18:19:51"
"6","10","4","Window we attorney night situation production marriage director party century box artist including.","06:59:14"
"41","41","3","Seven line cell create reveal participant side authority receive method enter book material.","17:15:19"
"8","28","3","Range national above sport degree keep such young.","16:28:19"
"41","1","5","Sort rate require nothing meeting good.","17:26:06"
"42","11","4","Investment public safe image view cost drug truth true new.","17:43:46"
"42","17","1","Ahead relate various realize among huge nation me soldier far discussion investment.","04:57:05"
"48","1","4","Ten describe many accept ok fine for suggest like she draw clearly.","18:07:42"
"41","1","1","Federal political boy oil certainly campaign among street throughout.","21:21:27"
"36","17","1","Message marriage strategy should protect common decade free face stage bar.","14:43:44"
"36","5","5","Trouble future model society meet seat.","03:15:28"
"6","10","3","Into computer arrive probably base weight number.","10:10:36"
"28","12","3","Animal lose move threat capital past value.","04:41:58"
"8","34","5","However new expert morning pattern forward least.","04:08:57"
"41","42","3","Parent white south not talk drug she.","14:08:00"
"38","15","2","Small culture find ability would pattern.","14:23:59"
"41","10","4","On chance true group task peace least off performance in maybe.","21:01:10"
"38","36","5","Political apply alone focus generation protect pass dark police.","16:53:47"
"48","12","5","Language floor campaign own husband serious.","21:26:44"
"8","37","4","Challenge yes exist whose seem matter place statement.","14:16:42"
"42","39","2","Above series level less happy organization draw mean if.","12:34:29"
"16","2","2","Site buy politics recent name television term player rate fear prevent leader training.","10:53:57"
"48","21","4","Might help night summer mission story law shoulder certain film.","03:21:57"
"6","8","3","Try phone deal although sort well people.","02:55:04"
"28","43","2","Owner study nation company leader house player less arrive he color reveal.","08:29:59"
"6","28","4","Former never despite accept world school management to gun quickly successful keep.","13:24:54"
"8","33","3","Throughout right popular bed hotel sell table large material.","22:09:00"
"6","25","1","Range democratic gun easy trouble technology sea example though which.","19:25:13"
"38","22","5","At certainly play event debate citizen skin cell.","16:06:19"
"8","37","1","Recently possible wish effort already continue glass.","13:33:20"
"28","2","5","Fear clear official executive available job mission.","15:27:59"
"42","9","3","Yard cut alone entire artist party return then.","23:56:45"
"12","47","5","Identify difficult method treatment heart space woman soldier machine maybe himself Congress.","14:34:13"
"36","41","3","Enough public effect apply probably total price law entire trial.","23:22:14"
"42","46","1","Which book let ahead get word type quality quite baby too.","03:24:08"
"16","46","3","Success huge stage ask fine feel down lot decade thus prevent human.","00:54:19"
"48","23","4","Animal quality others may energy think decide.","03:31:43"
"28","16","1","Instead kitchen year her economic human.","00:27:52"
"16","8","4","Stand left outside put goal dream cause wife describe their garden.","20:34:11"
"38","47","2","Plan image father use cover husband important subject help become lose fast.","01:25:30"
"16","44","3","Effort yard Congress everybody including painting open eye could see push certain without.","11:03:30"
"6","13","3","System religious mean hospital wife cold.","10:41:46"
"41","6","2","Knowledge none why magazine key such message energy along.","21:33:18"
"36","28","4","Actually claim son smile check day industry analysis modern reflect both.","11:11:47"
"48","47","2","Begin you improve able order response probably difficult station get open risk.","03:18:30"
"41","27","5","Receive material one between since south color.","06:16:18"
"41","1","5","Gas wind discover wonder official recently goal office.","21:46:22"
"16","4","5","Use hand result task shoulder whose hear the religious and.","23:43:18"
"42","45","1","Him design world shake campaign far concern.","12:45:35"
"28","43","3","Miss reason lawyer central do operation west Republican thing.","03:21:49"
"36","4","4","Civil realize event really it discover during month pick.","06:02:17"
"48","22","4","Within box factor answer check prepare that indicate yes tree by herself.","22:57:10"
"41","39","3","Bank win two air expert for goal college spring.","00:35:51"
"42","24","2","Recognize mean not thus friend author.","00:57:00"
"8","22","1","Investment source past project bed bed school middle explain.","01:57:37"
