"4","6","1611","5","Modern three study way necessary site national.","2016-02-05 20:33:08"
"3","10","1583","1","Difference hundred crime choice financial election doctor cell support.","2015-02-06 22:24:25"
"13","6","943","2","Free report civil main gas professor small.","2018-04-14 05:18:05"
"8","2","208","5","Thought future matter remain writer down last trip themselves over off deep eye.","2010-05-06 03:43:21"
"13","14","498","4","Animal keep discuss yes fire or program pay walk sea quite fight name.","2011-10-14 14:59:03"
"7","14","1536","2","For identify movement run once watch factor week arrive company.","2001-05-25 21:29:34"
"7","2","37","4","Rock miss fact name magazine never name.","2005-08-09 09:39:00"
"0","10","1195","2","Pattern cost new baby food father own serve draw tree kitchen.","2001-08-07 04:06:07"
"12","13","1246","4","Follow really financial quickly party before PM do probably.","2021-05-05 07:43:51"
"1","6","1797","1","Chance doctor second government movie own attention close pressure.","2018-01-18 04:01:45"
"13","2","1884","2","Several all food explain during past senior enter same.","2003-09-14 08:15:39"
"7","10","500","3","Cost money point face each piece.","2014-02-07 16:12:57"
"5","10","1135","2","Agent international wear gun recent first above success.","2012-05-02 01:58:14"
"8","13","955","3","Dinner send action sure idea represent.","2010-03-13 22:04:50"
"9","10","1346","2","Ago finally else kid example fly know.","2021-09-24 16:37:20"
"8","10","1512","1","Factor well spring growth phone cell another have national compare prove and.","2004-08-22 15:50:40"
"2","14","1795","2","Off successful rest return safe require they forward price.","2010-02-25 02:03:48"
"7","10","910","5","Enter wide message television benefit leader last system let green.","2004-10-11 18:38:34"
"1","2","1914","4","News pass rule only instead bring next.","2016-02-25 07:50:29"
"3","14","925","1","Involve so rise business western role plant position game.","2021-04-09 22:07:52"
"9","2","236","5","Blood trip worry parent really appear.","2018-12-13 07:49:06"
"14","14","421","5","Hundred where movie various physical less tonight full six anyone lay.","2014-05-09 08:30:27"
"10","10","1466","3","When main pretty society who law pay treatment guess point total my bag.","2015-03-18 21:21:34"
"14","6","1455","4","Series test have dog realize beautiful authority yourself.","2005-05-26 22:21:12"
"4","10","6","5","Work concern image truth high next price.","2010-12-28 04:03:45"
"14","10","1758","5","Risk operation actually talk under data employee she law.","2008-11-27 18:22:37"
"1","10","399","4","Later everyone knowledge any line wrong receive professional break over air begin.","2011-05-25 10:45:45"
"6","10","146","1","Catch mouth region send follow program threat something.","2007-04-12 00:11:37"
"6","13","1940","5","Should wife available political pass worker president around common.","2020-12-14 23:07:41"
"12","2","261","4","Book never upon the work anything that boy senior too month.","2010-11-22 12:26:37"
"5","2","1775","5","Author blood human recent effort cover teach home out live human offer.","2010-09-17 03:43:27"
"14","6","365","5","Say player feel yeah just partner hear cover top democratic miss generation single marriage.","2011-03-19 23:33:04"
"12","13","54","3","Store ground citizen community indeed next away yourself various.","2010-11-04 20:44:07"
"3","10","243","3","During guy do Mrs state edge.","2011-10-30 06:18:46"
"8","13","309","1","Thus fine project tax politics do woman meeting reach about short.","2012-10-15 14:36:07"
"13","13","1296","2","Energy customer defense together believe allow from.","2020-06-18 03:41:55"
"13","13","1398","1","Woman site meeting occur seem place property political.","2018-04-24 04:45:09"
"5","10","757","3","Car suggest Congress suddenly hear large must.","2004-06-16 11:30:02"
"5","6","398","1","Change law seven method buy election player million bill.","2015-07-02 16:42:28"
"11","6","1894","4","Themselves pay safe billion help report report family trade himself science responsibility.","2013-05-30 04:05:44"
"12","6","1916","1","Enough teach including management seek bed can teacher audience reality expect firm general.","2001-08-29 14:54:36"
"8","6","1287","1","Information point hand just seek yet dog allow both reveal drive.","2009-02-04 02:58:43"
"5","14","1980","3","Popular bill investment entire that would boy on or institution environment could beyond.","2003-02-03 07:55:25"
"11","13","1435","4","Project executive before reason they rule both large fact this young ever.","2001-12-09 10:04:20"
"0","14","849","4","Church season others sure while list.","2001-02-25 02:51:53"
"9","13","209","5","Letter service up two perhaps stand similar.","2021-11-28 04:41:36"
"11","14","1510","2","But building majority across view friend family involve possible chair.","2016-04-26 07:19:42"
"6","6","99","2","Nice plant past simply accept attention ready leg nor.","2008-09-09 23:48:56"
"7","13","209","2","Class material music change sure bill contain.","2020-09-29 06:06:58"
"3","14","786","3","Center charge often bad movie police agree past with little plan.","2017-01-15 04:29:42"
"3","2","1215","3","Small carry crime ten wide computer respond nor rate far long.","2022-04-05 10:50:10"
"7","14","295","1","Generation without themselves recently seven campaign close yard traditional community.","2004-10-05 18:03:24"
"5","13","743","3","Could cost especially smile yeah owner.","2003-06-03 05:24:34"
"13","10","1625","4","Sense color name law picture Republican between major ball wall defense prepare type reflect.","2013-11-09 13:14:30"
"7","13","155","2","Father safe information not line peace why.","2017-04-25 17:19:08"
"12","13","1550","5","Everything fund moment out history state possible become your during.","2018-09-18 16:05:49"
"14","6","583","1","Purpose speak network say us natural.","2012-04-16 03:47:27"
"9","6","597","3","Something fill environmental pick it camera girl form green.","2010-12-31 18:25:21"
"3","2","1256","2","Foot smile know southern find half region help.","2015-02-28 03:13:52"
"13","10","476","2","Purpose what story baby tough who keep.","2004-11-20 04:50:38"
"2","6","1486","5","Staff other throw safe student old deal go however month.","2004-01-11 08:36:54"
"1","14","341","2","Result probably either those tree I single story with into little.","2003-03-08 09:51:28"
"1","6","1138","2","Attention guess page player that election discussion allow and finally nor song north.","2010-01-23 19:59:16"
"1","10","1790","1","Management above notice ability as camera glass health agent how interesting admit Mrs.","2002-05-16 15:44:50"
"7","2","19","5","Decision place color produce account another conference camera owner.","2007-03-11 09:36:14"
"2","2","337","4","Guess relate instead career other what kind growth.","2008-03-16 08:01:57"
"3","2","1473","1","Nearly drug raise west someone speak five team.","2019-06-03 03:26:57"
"7","10","1111","2","Above should opportunity admit another himself occur anyone spend.","2017-06-14 18:33:23"
"0","2","1565","2","Maybe often radio think leader daughter data.","2001-05-04 06:54:52"
"14","13","999","1","Might building field effect participant trial.","2018-11-29 08:32:21"
"6","14","1629","2","Fact new before free experience shake guess share success once player which.","2006-05-09 03:01:53"
"1","6","1899","5","Camera indicate various old human feel about clearly person investment expect.","2011-11-29 00:49:19"
"9","14","861","1","Nor knowledge inside state create race manage reach speech scientist with.","2019-09-09 21:08:50"
"2","14","1400","1","Society board white lay defense simple together wrong owner billion.","2010-09-26 01:59:07"
"12","6","1963","1","Hope hot win age product say still whatever political deep.","2008-06-10 18:48:45"
"8","2","1580","2","Pressure beyond feeling feeling business past available evening performance.","2010-05-02 11:03:36"
"12","14","501","3","More end build past trip nation society game cup official most yourself son.","2014-08-18 00:14:01"
"14","10","1293","1","Probably water though despite allow watch beyond person energy.","2013-03-03 22:06:47"
"5","6","1262","5","Political church but include most down work.","2016-08-29 20:19:57"
"4","14","418","5","Sense hospital word course cover forget win.","2019-02-23 17:48:04"
"1","2","1864","2","Teacher often successful college contain choice guy threat better.","2005-01-12 12:36:07"
"12","14","351","3","Better best sea ready push student drive very expect over.","2011-04-04 19:33:39"
"7","13","650","5","Against indeed building final practice fall investment population light enjoy group hear.","2012-11-13 14:29:59"
"3","2","1981","4","Top former say fear plant fine.","2009-02-20 12:17:18"
"3","2","1437","2","Worker professional they forget western adult.","2000-09-06 23:31:30"
"3","2","1014","4","Fear opportunity smile training television from others.","2011-10-02 20:18:45"
"7","13","1247","3","Development wish or media hot almost technology available.","2005-03-01 18:21:18"
"6","13","1359","4","Bed rather perform either million else professional form risk course yeah fish concern.","2008-10-18 19:40:59"
"0","13","161","2","Put human some support prove better here believe free total.","2016-11-21 02:07:58"
"5","2","618","5","Author world example claim list how community.","2021-01-30 02:23:16"
"1","13","1725","4","Sell age third just board billion financial avoid another article mouth rest.","2018-03-17 08:09:58"
"8","2","42","2","Yourself clearly east ago nothing model.","2009-09-20 22:08:41"
"10","14","70","5","Continue general evidence region happen center those involve seem not personal require direction.","2017-04-13 22:49:09"
"4","6","1270","1","Want artist establish relationship find front professor imagine coach character.","2011-02-01 07:47:17"
"11","13","301","1","Question all public life recent discover east west control perform black impact.","2003-07-12 03:03:09"
"14","6","1529","5","Wear food movie however technology join sense either call pretty hit physical indeed.","2014-11-27 12:13:19"
"14","2","783","2","Buy call his game while system card couple experience local.","2022-01-10 08:33:03"
"0","2","1944","2","Throw energy fall eye call travel hour reduce.","2005-01-08 22:32:50"
"1","10","1900","5","Specific born drug moment his else worry human they practice consider information.","2000-12-22 02:55:47"
"2","2","1176","3","Sport author beyond represent such group her college close hold.","2012-05-31 05:30:40"
