"8","2","5","Simple in parent somebody list push program stage position here.","03:33:14"
"25","13","3","Realize over class relate ever often visit condition.","02:50:07"
"25","49","2","Western girl do right question interest debate even store plan where.","14:24:03"
"5","25","1","Month whatever song coach cultural approach service kind system its gas.","20:26:47"
"25","22","3","Vote report remain three much tend lead authority short drop marriage.","22:51:27"
"32","21","2","Continue seven source see charge capital.","21:07:14"
"26","12","5","Manage design white kid sometimes leave score shake remember certainly physical.","15:19:10"
"32","23","2","Open owner son writer particular person.","15:51:52"
"1","36","2","Her administration light party close clear nothing own pattern pretty cost simply standard.","02:04:18"
"43","28","3","Idea rock risk concern last morning build expert.","11:31:45"
"26","18","4","Doctor must so sing type inside dinner hard.","03:02:43"
"32","33","5","Pressure head off around spend south.","18:36:35"
"43","22","1","Sing suddenly moment under hundred degree hold day young join.","21:27:45"
"18","31","4","Final me radio organization five onto fill thus idea.","03:07:11"
"40","13","3","International computer investment ok wall alone.","16:39:56"
"32","10","4","Reason necessary leg writer need then laugh budget song local experience technology claim.","10:36:45"
"32","28","3","Industry story inside section phone billion hard agent single station late institution.","22:23:58"
"32","42","4","Financial strong interview condition wait year receive return level environmental drug.","23:26:54"
"1","40","4","Program able employee wish eye than already.","00:42:49"
"25","37","5","Executive money dark can edge avoid unit her nature above especially anything.","13:42:12"
"32","41","3","Both season keep everything offer season senior right be price woman American nature.","11:57:29"
"32","31","5","Know knowledge truth stuff offer free successful someone economic receive stop identify.","04:39:42"
"43","49","3","Record end during improve debate water catch course without.","02:08:31"
"8","43","2","Learn its method training bill especially ground water so.","05:40:53"
"1","5","3","White upon loss pattern address somebody skin stage course return name list onto.","16:03:47"
"26","47","5","Wrong performance into series music season amount each write general.","07:52:38"
"43","39","5","When near traditional money table yard yeah street.","13:24:21"
"32","23","4","Black ability sing your stand out ability close later easy response year.","08:13:19"
"31","44","2","Audience expect church or focus explain firm cell history reality hour station.","09:40:25"
"26","7","4","Sure education read bag hot daughter kind data cultural business play actually.","14:38:02"
"32","21","3","Treat difficult agency bed cultural billion safe watch.","06:42:22"
"1","15","3","Want movement bit hard notice compare point child.","09:26:55"
"40","41","1","East chair instead well writer beat all provide work especially say.","04:51:57"
"5","10","4","Among board age various miss style.","16:26:11"
"26","5","1","Cover because physical usually share water these continue.","12:58:58"
"18","2","3","Whether address everything summer west minute community money social his animal business same.","07:18:18"
"18","17","3","You school politics two hand safe raise own age suggest with.","22:56:55"
"26","30","5","Chair mind paper so newspaper large of imagine change very.","00:52:53"
"32","19","3","Skill develop leave conference meet set between front.","21:12:46"
"43","36","4","Case visit tax claim accept and national into condition office whom professor.","08:54:05"
"1","9","1","Surface life option language prepare it less market themselves increase.","08:33:39"
"26","25","2","Tv church participant Republican effort become year region.","03:27:12"
"31","18","2","Close center floor ahead other focus room religious back.","00:50:58"
"1","13","4","True be investment best section job final call.","23:20:22"
"32","41","5","Prove great run attorney off white outside human meet.","08:21:59"
"18","10","5","Allow happy get account serve town sing college.","08:11:18"
"32","33","5","Kid apply pass onto plan budget study commercial author per population.","00:31:59"
"1","13","1","Their some focus almost account smile issue assume keep.","12:51:54"
"25","45","1","Sort many head writer rate Republican decade political.","22:44:29"
"26","3","2","Model stuff follow series against agreement question.","08:10:26"
"26","4","3","Door hand truth guy make real and reach perform strong action seem.","04:59:05"
"43","44","5","Help turn include American coach interesting message.","14:41:28"
"31","18","5","Film computer building threat technology dog decide should help and single.","03:20:09"
"8","28","1","Local my should use only yard cut figure rock suggest past impact class.","09:17:05"
"25","34","3","Process type she sing whether couple begin common nature employee strategy.","07:45:39"
"32","12","1","Individual attorney usually land prepare bank remain upon executive floor over.","01:10:17"
"26","11","4","Avoid then son result summer nearly scientist far religious my.","01:59:48"
"26","35","5","Blood nearly business true play without travel once cold citizen pretty see.","05:05:50"
"1","46","4","Five certain office board consumer air Republican show by.","03:46:17"
"1","11","1","Doctor likely miss population radio north.","11:31:07"
"18","16","1","Different long set everyone dinner way even report myself.","12:48:03"
"43","20","3","Do religious team culture no best college stage new official kitchen along.","00:52:51"
"26","46","2","Discussion remember across garden bag turn wonder science standard simply common.","11:55:36"
"32","1","5","Ability window ground listen lead however eat study father determine radio clearly.","05:01:10"
"1","35","4","Each worry could leave any reflect.","04:21:56"
"1","49","5","Discussion instead series very then safe write day religious pay experience station past.","08:54:07"
"8","30","1","Who top bit box nor interview benefit like day.","23:50:57"
"31","3","4","Structure subject wall line debate land front word.","01:54:39"
"18","9","2","Majority go quality star put region letter nor.","16:36:39"
"18","22","4","Person yet no American sport dark improve figure.","22:36:56"
"25","19","4","What able Democrat culture great when who enter its take want hot.","22:09:59"
"8","11","1","About office buy media protect wrong yard those.","05:02:52"
"25","25","3","East return my front keep body.","13:59:53"
"1","21","2","Share beyond movement structure modern himself describe realize relate data order catch exactly.","21:36:18"
"1","19","1","Decision cell join east finally later sister thus follow.","05:49:08"
"25","6","2","Training bring lay far will actually act there night agency.","14:04:36"
"8","15","4","Evening believe statement door policy beat data none area to national.","08:23:04"
"26","14","3","Story population must born figure throw middle.","06:59:25"
"1","9","2","Look oil remain range form same from see so war word reflect bit.","16:42:31"
"32","49","2","Off vote also cold those receive any give everybody street heavy.","02:44:34"
"26","19","4","Town evening particularly give he to experience top rather somebody PM machine.","17:21:24"
"31","43","2","National shake family newspaper land go understand.","03:37:09"
"26","32","5","Least list others apply near office occur reduce human soon build require.","15:40:53"
"26","44","5","Course base hour strong front program.","23:07:28"
"43","35","3","Six general full laugh which yes bring operation thing thousand you.","18:52:41"
"5","4","3","Recognize yourself Mr wish low kind political TV forward wife claim once.","11:54:36"
"1","49","2","Computer man back behavior traditional professional thank when.","18:42:29"
"26","23","3","Effect message face score financial identify people seem design rise leave choice type.","04:37:34"
"31","11","5","Read market never fear maybe purpose cost standard market mention technology public.","01:29:24"
"31","44","5","Suggest miss reduce stage wall trouble throw gas.","19:21:28"
"40","35","4","Modern well although outside third voice report.","03:38:45"
"32","17","5","Beyond close daughter technology outside information author raise away throw.","03:05:32"
"5","43","3","Fine meet media animal speak next risk new.","09:07:01"
"1","28","4","Author shake go physical fine answer similar beat campaign.","01:25:37"
"26","17","1","Sea deep federal identify general agree live unit news individual ability happy.","06:44:24"
"32","42","1","Tv actually they suddenly others pattern life culture trip source.","03:35:06"
"8","3","5","Such education feel remain election can daughter or lose wish.","12:18:21"
"18","46","3","Away nation southern expect debate pattern phone its.","01:21:28"
"5","14","1","Special sea box throw movement focus factor create represent song beyond.","19:39:45"
"18","46","4","Lot course present experience ask management recently.","09:42:51"
"31","2","2","Hair during later herself experience wife certain enjoy people.","15:18:41"
"25","13","3","Level fall special month step again.","22:52:50"
"31","4","5","Manager would leader group tend fund think that action.","09:57:52"
"18","39","1","Garden eight keep no recently seat role try develop not need.","10:51:06"
"25","41","3","Future light power another into civil thus produce building success.","10:53:39"
"26","32","1","Against wait yes kind half campaign style us teacher share partner.","09:04:35"
"32","10","3","Decade win trial should represent her practice notice new drug race.","13:56:39"
"18","20","1","Write official type social personal improve something huge establish.","05:39:15"
"25","31","2","Much ok while police share race return probably rest time yes guess perform worry.","01:11:25"
"5","44","2","Should popular federal article feel term nature be begin event something call.","10:08:39"
"18","39","3","Their our single case table house why poor management computer hand.","19:33:25"
"31","35","2","Fear talk than sea nice me sea history reflect attack.","09:49:23"
"43","29","5","Quickly law whose business later drive be commercial actually gas father nation.","03:28:44"
"32","7","4","Gun positive near general table past bed field measure.","18:20:39"
"32","21","1","Hit page sign along only within at decision especially well toward ground.","19:24:21"
"8","16","4","Floor share part cover truth will stand agree treatment method question worry.","02:47:25"
"43","11","4","Because majority character reduce be help.","18:54:47"
"43","23","1","Seven occur agreement story should tell top party.","22:32:25"
"5","26","5","Keep drop only responsibility trouble his loss teach middle unit.","21:50:22"
"43","36","5","Board method audience somebody long south new certainly though affect.","09:57:33"
"31","18","4","Election control its lead cut anyone outside issue baby science.","19:19:17"
"43","41","2","Involve pattern major line teacher pick manage analysis across inside meeting.","07:18:21"
"26","25","4","Risk modern glass individual policy just really thus own oil organization soldier general word.","09:42:37"
"25","41","1","Single tree half north upon successful.","17:23:40"
"40","0","3","Animal her its first evidence take.","02:28:22"
"18","46","3","Air issue foreign piece card glass here deal amount large sometimes for without.","01:23:32"
"32","5","4","Break run treatment myself first couple left.","21:19:55"
"31","19","5","Tree first far other entire story oil to.","11:06:16"
"5","14","2","Commercial need happy by book speak.","17:06:59"
"32","23","2","Smile let oil among especially build success.","06:22:06"
"31","33","5","Big top maintain mother operation lead can.","16:55:38"
"8","24","3","Administration enter single really across measure nor approach.","01:25:19"
"32","11","3","Feel knowledge of age vote suggest.","20:08:05"
"26","22","1","Occur whose prove friend artist produce still former of project possible.","07:47:48"
"31","29","5","Side item chance of ten walk parent member.","12:54:52"
"8","40","1","Poor practice concern performance write pattern almost some your very raise husband.","03:28:44"
"25","38","3","American five democratic grow a vote future method language fear make hard.","22:01:41"
"26","26","2","Town music friend city hard sell guess before now no.","15:39:44"
"26","7","4","Box change everything property and save feeling.","22:03:39"
"5","35","5","Picture through account teach game production.","12:29:26"
"18","22","4","Away ground her bring country appear network never light.","03:03:02"
"8","24","1","Bill artist way seem performance bag pretty week the special plan.","18:26:18"
"25","37","2","Crime process suddenly party central maybe past pick material.","04:35:45"
"43","45","4","View machine physical site at financial.","12:51:43"
"43","8","2","Hour under sure standard describe interview.","17:47:42"
"32","14","1","Strong one some evening partner writer meet.","09:53:21"
"40","30","1","Shake wish consider accept include story loss create person.","10:20:58"
"8","28","2","Usually game price rate drive sort risk both bar mind.","04:07:46"
"32","43","3","Couple student different open spend subject best should federal movie individual.","16:56:42"
"1","16","2","Pick sign them seat career miss difference lot eye way structure never laugh.","15:44:52"
"40","34","3","Opportunity involve one situation nor bill situation each herself man drop heart material.","13:36:36"
"8","41","4","Last stock mention behavior soon maybe purpose.","03:32:21"
"18","48","5","Financial student institution among modern material field accept media.","13:11:31"
"8","16","4","South edge quite company sister could build parent unit future some institution.","01:26:35"
"26","18","1","Sound young read total hard those strong rich activity.","05:16:16"
"32","23","1","Report light old affect money law benefit world pick.","22:46:43"
"31","1","4","End view better artist seven control.","07:31:38"
"26","25","3","Difficult good Democrat effort chair wide doctor need building never those notice.","14:38:03"
"5","40","2","Experience position center indeed movie from her condition.","04:27:00"
"1","39","5","Itself leader manager feel spend hot from road pay minute artist government single.","15:12:36"
"43","1","3","Tree run offer pattern it theory bit.","01:29:15"
"25","41","5","Former live little onto hear figure information small to property.","10:00:35"
"1","22","4","Kid low Democrat behavior miss than late huge expert practice car must either.","10:12:49"
"5","34","5","Few station fill media citizen poor carry network poor garden take analysis.","02:08:33"
"5","29","4","Live collection society they word respond how.","13:58:20"
"26","3","5","Crime create book rest wish our administration instead.","21:13:57"
"18","30","1","Do bar look remain stand course site food.","10:57:05"
"8","10","4","Land direction off direction these along see central far east help product close.","18:39:19"
"25","40","3","Really risk put idea part international management option bank way.","13:47:41"
"8","42","3","Create none parent future effect people ago down song arrive might exactly.","19:17:01"
"40","35","1","Technology national leg per response federal policy.","17:55:57"
"32","43","5","Under thousand first audience able tell let two chair take.","20:25:22"
"25","47","3","One avoid safe beat every think item believe.","18:11:28"
"5","29","5","Investment control treatment market necessary job pick road nearly last list either direction.","18:39:17"
"1","6","5","Onto control we behavior moment step benefit eat difficult.","02:22:21"
"40","39","2","Statement which behind general I establish put resource.","16:00:58"
"40","48","4","Adult rather message smile speak ready start.","14:39:54"
"5","30","5","Water miss as continue hair born student.","21:25:24"
"18","10","5","Cut paper inside particular television may collection lay camera with discussion.","03:43:13"
"31","33","5","Various what knowledge music our economy.","09:24:23"
"40","22","5","Week market protect since security bill walk.","09:44:00"
"5","15","3","Whether strategy listen economy month type voice region chair.","18:26:19"
"32","0","4","Establish study clearly safe stand part challenge.","21:16:01"
"1","47","1","Hour huge speech school program factor meet leave road push.","13:26:30"
"43","16","4","Involve center long lose father decision bring figure success difficult learn.","07:08:35"
"8","24","4","Music network animal method while institution than cut conference call hand work indeed.","10:00:23"
"18","41","4","Rise north identify key always finish matter peace form reveal factor.","10:40:01"
"25","44","3","Also at cost foreign account model world teacher.","08:57:11"
"5","6","1","For season common somebody tree amount cost include statement cover.","09:11:10"
"8","37","2","Charge go over study early behavior become.","02:43:16"
"31","48","5","Hundred church tonight deep for organization property forget each leg southern arrive concern.","13:13:50"
"43","28","2","Material arm them least score without own necessary occur arm school employee.","04:19:37"
"31","23","3","Claim until son whole west believe day head play century.","14:10:15"
"40","1","1","Actually certain pressure window best part appear either challenge option.","15:35:46"
"31","49","2","Relate Mr analysis whose series figure very response collection.","18:36:28"
"26","25","4","Always week risk people book respond catch finally cost.","15:54:15"
"43","28","4","Bad increase event bill number son.","20:29:04"
"8","32","2","View mind me practice another big think what man test.","14:39:18"
"25","41","4","Article large late close himself charge appear future center red develop skin.","19:50:18"
"32","11","2","Product physical board affect section hear feel director job protect here.","17:28:41"
"32","26","5","Bring performance race result should could box conference establish TV.","09:55:18"
"5","28","2","Need religious above agency kind bank good win ten article.","04:36:14"
"5","14","1","Region among hard far far wide.","01:46:01"
"1","20","4","Door across effect anyone finish sing.","22:44:01"
"18","27","2","Watch break send couple set surface add nice address management huge before hotel.","04:21:50"
"5","33","2","Family continue speak let box act majority seven response price develop take strategy.","13:34:46"
"25","30","4","Thing property rest lay picture bag husband city add involve.","08:22:32"
"25","23","4","Almost note stand particular present senior mother.","01:28:03"
"26","7","1","Husband join whether north state away employee around south direction go.","00:40:40"
"26","49","3","Fast election music military brother other walk likely above.","08:28:47"
"26","5","2","All involve opportunity hear bag bit interest recognize discover six north.","20:53:48"
"5","20","5","Offer most keep fly at research middle notice apply world control recognize.","06:20:00"
"32","49","4","Look dinner left event decide especially total the police.","14:20:02"
"40","16","1","Marriage prepare significant station stage bank.","21:54:29"
"18","31","3","Part toward movement represent future almost catch number commercial range herself thus home.","18:24:13"
"18","12","1","Task team however four heavy candidate hear position.","08:22:12"
"31","33","4","Establish church send year instead manage with.","00:44:30"
"32","31","1","Red main seven area vote training must face choice see.","01:10:07"
"8","28","1","Resource trouble citizen major these activity available environment.","20:13:27"
"25","39","3","So score front family American authority woman candidate current all writer husband.","12:43:53"
"43","26","3","No degree energy example case clear day head research property.","03:19:27"
"43","6","4","Account discussion capital hundred magazine structure pattern mission window state past smile suddenly.","12:09:00"
"32","18","2","Agency also much nice list cultural against bar local out word power health.","10:23:03"
"18","8","3","Wonder blood operation like affect open like.","21:07:29"
"8","36","3","Seat record trouble might executive improve feeling strong image away.","08:33:16"
"5","0","4","Fly smile budget cold rule know me question accept.","13:17:29"
"43","42","1","It option parent face one until rule actually body appear.","21:30:33"
"25","29","5","Interest purpose attack let thus tough partner discussion.","17:12:27"
"25","22","1","Drive simply compare somebody analysis camera allow we land happy.","11:53:25"
"32","29","2","Old week debate treat other perform police yourself treat issue minute meeting.","01:40:09"
"40","11","3","Foot strategy set throw different character Congress many evidence support check.","05:37:50"
"25","0","2","Miss offer big house let through cultural career grow article.","15:21:04"
"32","5","5","Agreement case discussion western side meet respond view it dog meeting effect.","03:41:05"
"26","20","2","Service he life tell among executive international increase focus yourself human bed.","18:45:50"
"26","2","1","Do which coach forward bill administration range always all set room paper.","23:42:38"
"18","7","1","Respond forward item lawyer almost develop life.","15:55:11"
"40","44","5","Attack bed road conference opportunity however conference cup high usually per play throw.","05:59:31"
"43","43","1","Appear true practice yes positive decision enter however many mind what suffer.","05:28:06"
"43","23","2","Know federal memory same picture fear young attack politics often hit of over.","08:37:37"
"5","29","4","Work while perform term sea lead model religious north director PM many.","01:45:39"
"31","34","4","Pm agree house word force nice hot letter teacher conference she environment.","10:51:00"
"26","2","2","Democrat cultural bring bar shoulder tonight number human.","06:59:36"
"32","2","1","Game east charge husband across agent statement speech address.","07:12:13"
"26","6","5","Story between wide gun suddenly into explain.","20:09:27"
"32","47","3","Himself store response traditional tell try from huge.","18:09:46"
"43","23","5","Ball main crime meet suddenly truth several able create its without bring.","15:48:20"
"25","24","4","Community several lead player college raise voice control still wait save.","04:46:13"
"26","41","1","Most success always race become result.","07:17:06"
"43","31","4","Call general already expect well himself.","13:07:37"
"18","11","3","Can produce else operation court friend say focus.","20:14:22"
"40","41","3","Series simply benefit nearly memory worry out.","09:13:57"
"32","30","2","Piece give attention little difference professor best believe son.","06:26:42"
"8","32","1","Free ago way decision score person will.","01:27:07"
"25","21","5","Toward officer you nearly generation car painting during.","06:49:34"
"40","26","5","Short challenge whatever summer worker remember since look fine situation sense option though government.","12:33:15"
"26","49","3","Specific discuss tax author cultural game he serve know poor spend.","10:20:06"
"32","41","3","Create everyone own once street help home able approach news.","17:18:46"
"18","5","4","Win up Mr knowledge speech item maybe east thing.","03:25:40"
"43","13","2","Mouth drug simply economic possible bill wait high kind author large.","07:11:27"
"18","41","2","Scientist yes choice big news grow send interview.","05:42:26"
"32","8","5","However machine indicate campaign open hit decision easy particularly include figure spend interesting.","18:36:42"
"25","27","1","Close finish tonight yes likely four.","09:35:20"
"25","22","1","Take what together commercial member buy financial sit hundred subject rock lead much.","05:39:32"
"26","15","2","Art they buy send pull event care recently order example.","03:32:53"
"8","11","2","Natural man most mind walk but keep Mrs.","00:29:13"
"31","48","1","Even office everybody wear executive over argue.","23:03:25"
"1","22","3","Site quite voice order focus three team audience control finally certainly skill debate.","20:22:52"
"25","48","3","Fine natural thank would level determine my choose set clear.","08:01:33"
"31","47","2","Debate property report authority vote above change.","17:35:09"
"8","49","3","Game him same how defense Republican green.","16:56:08"
"25","39","4","Establish test finally Democrat college that add next debate thing stop per.","01:53:22"
"5","24","5","Chance modern debate piece within save matter sell campaign clear special.","05:47:41"
"40","33","4","Because both and material join similar inside.","05:28:00"
"25","4","1","View worry easy quite statement painting time during.","07:38:27"
"8","9","3","Pass feeling bar watch large television determine your.","10:41:29"
"8","0","3","Loss old throughout anything fine do.","15:45:29"
"1","37","3","Lead dinner box live factor home.","14:49:12"
"8","43","4","Add candidate program for idea happy political claim budget feel son.","22:04:11"
"31","8","1","Population thousand put lay option remember necessary respond manage action ever.","16:04:25"
"8","39","2","Wall enter activity behavior accept vote involve work material break raise.","08:32:28"
"25","18","2","Control street bad work strategy subject.","06:06:14"
"5","17","4","Candidate present organization civil avoid sit each far argue list power represent.","16:05:47"
"32","23","4","Reality threat special best forward nor once whom perform.","04:53:29"
"8","24","2","Him arrive clearly part cup product.","06:51:30"
"18","29","2","Tonight network goal executive current reach production field argue nearly voice.","13:13:49"
"18","0","3","Democrat bill send success financial minute key movie.","23:04:10"
"18","26","4","Significant soldier theory notice physical middle relate whether pretty poor near.","02:39:47"
"5","42","1","Mouth different rock war form college seven win.","15:32:44"
"32","43","2","Rich focus out three two majority happen together section ten fill.","21:20:41"
"40","49","5","Result final former positive specific left gas of.","16:56:18"
"40","16","1","Myself young media account build commercial.","09:09:17"
"32","34","2","Trial new town firm business deep turn team provide official situation.","19:04:25"
"40","43","2","Expert create five summer field American.","21:41:44"
"25","42","2","If cause think type employee fact attention use audience rule.","08:04:59"
"1","16","1","Why respond scene maybe job charge more general source family kid.","20:40:30"
"26","11","4","Bar vote when high enough force position record book art.","19:04:58"
"26","20","2","Run mouth nature interview road forget.","15:40:33"
"40","21","4","Forward trip wonder activity miss truth subject standard.","04:52:59"
"43","40","2","Set by three design identify career week put.","14:11:15"
"43","32","4","Difficult nature both doctor list official perform government develop term assume perform hold.","05:33:00"
"25","31","4","Question since measure eight put wish action those.","23:33:25"
"26","30","3","Course occur with leg challenge continue sell air benefit series.","06:31:19"
"5","33","3","Responsibility school action wall movie parent democratic soldier marriage something property.","16:56:44"
"43","36","2","Mind should main better financial theory security environment a marriage save.","20:24:18"
"18","48","5","Action paper meet best raise number author tax just dark huge partner contain.","20:18:16"
"5","26","5","Meeting glass next answer operation around benefit.","06:54:18"
"26","20","3","General production plant staff writer answer yeah.","04:11:35"
"1","26","5","Magazine could southern peace art enjoy case long mean focus say glass such.","22:25:43"
"25","18","1","Church blue candidate could itself his make college.","13:45:45"
"5","26","1","Nor arm tree those standard small gun on enough catch unit.","08:38:30"
"26","19","1","Tv believe population agency eat fire Congress reach price physical since seven.","01:21:54"
"43","19","2","Whatever coach practice anyone pass team.","21:19:36"
"25","41","1","Room usually ok face sense certainly fall.","05:04:10"
"5","32","5","Raise avoid director under effect want.","00:04:33"
"32","3","1","Company ahead herself wife east together.","06:08:08"
"1","41","1","Interest question four particular reflect bit recognize cup system movement everything lose itself.","15:35:50"
"1","35","1","Theory fish again week process open up.","17:34:53"
"32","0","5","Perform simply painting cold case arrive.","18:40:43"
"26","10","1","Past commercial throw many where add vote red garden.","14:19:18"
"32","19","2","Word difficult against story difference model industry PM manage.","08:50:23"
"18","17","3","Mind dog business compare office treatment performance seven need heart fact.","01:44:29"
"43","36","2","Arrive win various unit truth power remember popular north.","01:57:30"
"5","37","1","Such crime front up choose rise training produce according guess candidate.","10:26:45"
"32","37","2","Woman station during civil consider be property.","18:51:58"
"26","17","5","Yourself develop fill you prevent clearly attention only.","12:08:41"
"8","16","5","Front red something cost house relationship inside.","15:24:27"
"1","45","5","Official always car discussion describe across direction model nice student help.","12:20:54"
"32","17","1","Against ability however five house deal.","04:40:35"
"1","14","1","Effort pick election wide suggest measure building accept something.","22:03:47"
"40","2","4","Head similar visit mission discover star.","10:09:30"
"31","43","5","Woman level your your though business.","04:00:35"
"43","26","4","Fall four individual voice there continue away.","01:39:39"
"8","24","2","Discover make single maybe miss make rock summer.","12:27:01"
"32","13","2","Everything success ten Congress each stop look thus air magazine easy.","18:35:39"
"18","31","3","Treatment bill lawyer tax Democrat cut.","12:49:05"
"25","17","5","Both increase think beyond family price family move already write attack every hundred.","07:53:32"
"1","3","5","Book also but education artist better leg.","02:26:33"
"32","6","2","Why beat music about before some simply training floor various detail song.","01:13:54"
"8","44","1","City their place often easy husband sea new.","12:58:43"
"40","4","3","Event increase to husband country box course since.","18:20:04"
"31","27","2","Identify pass college check prevent away some sound establish information affect there speech.","14:48:00"
"32","22","1","A ok front woman sister test produce open ability several face stand protect.","06:24:10"
"31","12","1","Whom model themselves staff see own wife team.","06:54:32"
"26","1","1","Church medical service town wall security car sure his near ground cost.","11:03:14"
"1","43","2","Great other training its direction entire family parent understand leave top.","01:28:17"
"40","3","1","Family than itself and set face level avoid fill sea.","07:24:40"
"40","26","4","Remain also art most blue spring building best.","14:35:08"
"25","11","1","Listen call speech its future probably fire trade any above page.","00:40:02"
"8","13","3","Turn quality air particular beat operation.","23:28:06"
"5","5","3","Conference source outside officer hard north.","15:42:00"
"32","40","3","Image discuss character along note describe finish happen run down pull actually improve.","21:28:43"
"43","5","2","Local kind message society system cold task sometimes great.","08:17:11"
"18","8","2","Relate late standard heavy follow second find subject service student wall heart.","14:00:22"
"43","46","1","Lead evening me cold middle sign color have lawyer good law.","17:24:44"
"8","10","2","News describe likely miss baby difference seem so word plan thing group.","02:14:20"
"25","48","1","Region likely through citizen Mr fight two figure science.","19:16:49"
"18","17","4","No pretty race situation determine address low writer.","13:34:01"
"31","48","3","School ok major social none where probably method major some relate or.","18:34:44"
"1","24","5","Like go avoid program pretty ball board brother shoulder.","23:09:12"
"1","25","5","Draw necessary born official player space inside dog leg ability.","14:08:06"
"32","39","2","Believe source listen main within professor wall garden sense side later stock computer.","05:54:04"
"26","23","1","Available blood deep second red with voice product.","15:49:46"
"31","49","4","House sense ability number book important husband kid.","15:15:12"
"18","49","2","Buy clear minute sometimes special son mind.","13:35:50"
"25","27","1","Wide character until member store affect life culture whatever drive his second hold.","02:47:00"
"31","15","2","Shoulder well computer direction real often whole director including student consider writer grow.","23:04:03"
"43","19","2","Onto even although media morning parent pattern full minute draw key record.","17:44:00"
"18","43","3","Attention situation security phone case around.","18:19:48"
"1","29","2","Value agency game shake respond low thought voice hold more up set yeah.","19:42:03"
"25","12","2","Citizen culture kitchen rock tree throw college.","01:37:04"
"31","35","5","Management those newspaper statement decision cultural people.","11:00:39"
"5","40","2","Sport under on pattern already field picture.","14:00:01"
"26","21","2","Modern deep seem state road of.","01:58:04"
"31","37","2","Reality show artist bank many help happy establish loss us start everyone age.","17:21:07"
"32","21","3","Offer dog meeting position option research.","13:04:49"
"8","19","1","Trip son drug property relationship walk activity coach through production market.","02:20:44"
"43","4","2","Nice north sister again focus develop plant admit.","01:49:14"
"31","0","1","Opportunity maybe on view part the cost artist building.","12:10:53"
"18","15","1","Rest line maintain film media put enter edge front.","15:39:52"
"25","46","5","Certainly message drug peace see various page smile road improve.","05:42:44"
"26","1","5","Consider give admit wide serve turn treatment choose serve serious statement capital.","16:15:44"
"18","5","5","Traditional reach especially song by space cold environment court.","09:59:25"
"18","21","5","Account sea guess Republican conference wife issue cause where behind case administration sea.","21:17:38"
"40","33","1","Discuss who safe stop draw while today before.","01:40:08"
"1","24","1","Area employee teacher much summer garden.","00:30:22"
"40","30","2","Claim daughter staff story community candidate others if good market road common surface.","17:30:02"
"32","25","5","Family foreign network black player senior crime top.","09:58:35"
"5","8","5","Behind per instead owner yes drop real small ahead.","08:31:18"
"8","22","4","Whatever cost he him travel window none military far second win act.","09:20:55"
"43","34","3","Computer successful myself bill parent become senior everyone thing point ten.","09:33:43"
"1","30","2","Land as all school assume start option east enter stage.","19:28:22"
"25","38","2","This provide woman reduce morning glass decision item writer ability.","06:30:25"
"31","28","1","The accept person point ten feeling suffer machine author office.","16:56:49"
"5","29","1","Call our mention them investment amount size information officer real white.","19:12:55"
"8","40","3","Throw make form police window pull keep bed west.","02:27:22"
"31","23","2","Together evening for south radio create certainly but sign sea officer very any series.","01:31:35"
"8","23","2","Rich season give available interesting wonder apply subject now defense past need challenge.","06:11:58"
"32","45","1","View factor push reduce religious shoulder people reveal new she would.","12:57:03"
"43","8","5","Across happen send artist design meet provide value never notice work.","14:51:09"
"5","23","5","Purpose experience method both see others such already community.","11:34:51"
"32","27","3","Discover white better serve peace me catch.","17:17:16"
"31","29","5","Chance name site challenge soldier fear manager agree from argue necessary leg.","20:14:01"
"8","41","5","Outside although perhaps charge seat Mr head movie teach letter simple politics either.","06:41:23"
"31","40","5","Sit center election standard assume travel effect first.","05:54:39"
"32","32","3","Especially ask behind upon away us television defense especially ask.","00:44:29"
"40","23","2","Animal purpose somebody light establish or leader detail attorney or range part.","13:35:01"
"25","2","3","Explain include fact your sea kind impact little new.","12:40:19"
"31","29","3","Add be represent should cut game son camera certainly night rise old can.","02:03:31"
"26","12","3","Statement form page admit in sort spring while international meeting cup community public.","11:05:37"
"32","46","1","Teach far already adult job new seek store sell none off support whom.","04:27:08"
"25","32","1","Age project myself agent interesting people class hot ago.","06:19:46"
"26","40","2","Want main bag tonight third space southern family discuss form through house.","06:28:36"
"26","35","4","Score action western detail international cold west fill side black do mind.","15:44:08"
"43","4","2","Write street evidence majority arm sense rather lot trip after music might.","20:12:10"
"8","15","1","Act wait kind experience relationship yard much probably run work themselves sure.","04:19:43"
"32","42","1","Right teach along above PM street industry they.","01:39:23"
"1","6","3","South along election it individual area.","04:57:51"
"8","32","2","Various now call feel for red station process government move stop physical.","03:31:12"
"40","27","4","People or couple find student culture middle.","06:04:46"
"18","48","1","Stock miss thank special many pull decision good name arm security go right.","05:59:23"
"43","7","2","Those spend service know red themselves happy population manager nor reason.","21:14:24"
"8","28","5","Summer culture art great can front rule investment country attention similar return themselves.","14:23:06"
"5","35","2","Major hope itself wide including we quite we give find drive.","03:45:41"
"43","4","3","Himself particular cultural explain north decide away coach role.","21:34:11"
"8","10","5","Notice kid force sport American appear page behind face.","01:50:44"
"40","35","2","Sign floor future role draw across into.","20:38:58"
"40","24","4","Star clearly leave despite inside maintain wear later wait like address believe mouth.","18:46:48"
"25","38","3","Way reveal claim including near north between.","15:23:07"
"18","27","5","Himself decide consumer practice money kitchen type age.","01:14:42"
"1","44","1","South change site executive unit per picture because.","16:51:35"
"1","36","2","Window deal dog mother off mean.","18:09:50"
"43","25","4","Never some create control write world threat.","06:28:56"
"5","46","4","Operation thing ready pick choice ten organization at occur sell.","05:32:52"
"26","5","5","Minute none water yes enjoy same third exist.","00:37:49"
"40","43","3","Short religious high space us money bar young executive.","11:52:49"
"26","47","3","Nation whether term billion step she imagine.","01:06:26"
"8","24","4","Discuss teach power unit meet Mrs her true quite.","01:54:32"
"31","32","5","Explain look someone station top effort home style group remain should officer exactly.","13:29:59"
"1","28","2","Expert director your system guess look he reason some law.","10:37:22"
"40","4","4","Begin name shake avoid decide back important former better throw edge oil.","10:07:58"
"8","32","1","Cut while meeting Mrs fund brother.","15:28:30"
"26","18","2","Be along dinner administration community soon easy then after.","10:50:32"
"26","30","5","Moment agency moment imagine wife area also mind success allow baby type.","06:23:18"
"32","6","2","Add occur western poor face evidence image well speak party outside.","13:45:26"
"40","10","4","Back game scientist until find truth nothing.","07:49:49"
"5","27","5","And significant decade sure evening system important exist war.","22:54:55"
"31","35","2","Other develop beyond seat yeah radio give boy reason onto only me I.","18:07:36"
"40","29","4","Economy film think agent night four place heart she left avoid.","16:48:54"
"31","45","3","Guy she program fast final action paper join share a cause.","12:58:40"
"26","9","3","Speech people nation song prove this imagine military it long window get.","05:09:27"
"18","24","5","Yes somebody hotel including former book seven parent idea believe analysis skin.","18:12:33"
"32","40","3","But news exactly rule why billion go side rest around no grow.","07:20:40"
"40","35","4","Business newspaper agreement there raise control purpose control.","22:30:43"
"43","44","1","Finish his too itself hear resource reflect seat hundred war the none.","19:34:07"
"26","17","5","Smile weight may attack kind city watch past think decision.","06:11:03"
"40","14","2","Watch better suggest security ever bank.","09:00:43"
"8","29","3","Hand trip eight computer great note.","06:21:47"
"18","20","5","Evidence it anyone week water most.","20:44:12"
"26","9","4","Owner point point his especially notice feeling yeah recognize order wonder.","05:54:51"
"32","15","5","Challenge join dog reveal may simple eight.","08:09:51"
"25","42","5","Without turn film citizen itself of build notice fast agency step lose everything.","01:11:38"
"32","4","1","Specific whatever after threat ready real window.","14:14:28"
"26","33","1","Exist loss guy camera you speech guess attorney if long possible now.","01:37:16"
"25","19","1","The capital prevent little rest simple.","20:23:55"
"8","45","5","We cell accept less turn drop lead since national pattern cultural blood receive.","00:18:24"
"40","31","3","Sort hold she part you eat occur strategy image unit.","11:48:03"
"18","21","3","Black stage a grow machine service.","04:45:03"
"31","3","1","Show attention may enough future condition soldier three tend white rise challenge.","19:07:02"
"26","10","5","Within tough focus watch hand southern education decide turn fine response test.","21:46:49"
"31","19","1","So ten call draw inside feel bank girl reduce close son candidate defense.","17:57:23"
"43","43","2","Thing analysis model difference star tax speech film state bring soon her.","04:45:23"
"32","12","2","Everybody technology rock along push within.","02:55:18"
"31","20","1","Position raise job play until discuss sign focus character ball nature write.","02:21:06"
"31","5","3","Method perhaps voice civil result usually page.","19:16:18"
"8","15","4","Color tonight determine each safe word reality positive argue daughter realize hour.","15:22:03"
"31","2","2","Book arrive daughter concern where majority behavior least forget draw take.","01:55:48"
"40","13","3","Daughter edge window decision whose through reality.","22:53:34"
"25","21","2","Whatever rich computer finish require different hold animal later usually how card former.","16:45:05"
"1","11","2","Special science good reason actually fight nature inside catch easy move about former.","12:55:32"
"1","16","3","They bring cup start nice fish business story important institution sister kind able.","12:06:23"
"32","18","1","Sound system miss sit across him significant participant young age.","04:43:40"
"1","4","3","Ball environmental probably base both television prevent too.","01:26:16"
"25","48","3","Positive special field return under national door to onto create would name together.","08:50:39"
"25","20","5","Challenge across development however force especially sport business note argue media take.","06:57:43"
"26","5","1","Head home later describe door control it president.","23:42:30"
"1","24","5","Successful simply expect go land individual.","06:41:13"
"26","24","4","Until cut enjoy material data story hundred hospital some.","02:06:27"
"43","16","1","Short type religious important particularly place energy interesting serious loss appear PM month east.","14:04:35"
"31","30","4","Agency finally religious produce owner watch final form operation next tough.","01:03:35"
"18","38","5","Again let structure lose report of few nice resource role sure nearly.","04:01:25"
"25","10","1","Avoid any inside even day hard name event election right color.","13:08:17"
"32","43","3","Full someone buy nor policy day improve model month Republican too.","20:14:51"
"32","6","5","State career scene campaign system meeting involve single or impact so meeting.","04:55:07"
"1","49","2","Reflect explain few could specific represent theory Republican order off.","14:26:05"
"18","23","5","Amount and above stand but southern will few space fish number whom tend.","19:43:44"
"5","15","4","Late change heavy table culture lead product before produce my off quite catch.","07:43:50"
"40","13","3","Trade kid factor film difference doctor interesting their help run large like.","09:09:16"
"40","46","2","West organization recognize scene and ground check space laugh few senior point.","10:58:39"
"40","27","5","Short may cold land wall financial pay.","03:40:18"
"31","48","4","Exactly language opportunity back along simple represent dinner follow both.","12:11:04"
"8","11","5","Either drop defense huge specific worry item pick join small fly fish arrive.","10:45:43"
"31","13","3","Avoid however cup but effect with bank sing off half rich across.","20:50:40"
"26","18","2","None one because whole assume even water prevent artist blood alone.","14:06:09"
"18","47","4","Finish visit should beat bad bar represent mean nothing while.","09:54:26"
"1","28","5","Himself tree offer mind measure describe expect.","23:26:40"
"1","14","5","Cultural success million newspaper to assume compare level seven someone way business major.","08:54:09"
"40","32","1","Position relate election student successful hospital reality nature.","07:41:32"
"5","23","3","Do light pass blue force hard catch.","05:30:12"
"40","6","3","Particularly performance start exactly movie challenge treatment run.","22:30:59"
"26","20","4","Reveal kid avoid care bad modern remember until space health for.","04:53:55"
"32","5","3","Job authority official first very forward boy deep management carry itself she.","01:56:14"
"26","1","3","Admit center audience wait line plan which dark beautiful vote free.","13:06:26"
"8","2","1","Professional meet power lose central public page buy eight range coach really.","02:33:40"
"18","12","4","Better art all better write enough another prove yard huge tonight.","20:33:18"
"25","11","1","Bank whatever write consumer window reduce cell series between child case effect special.","01:39:27"
"40","3","2","Space old organization into son never these reach.","01:00:37"
"18","22","2","Certainly us none quality foreign future plan.","14:58:24"
"8","8","3","Job significant prevent though him main call card catch choose big table.","15:53:55"
"18","37","4","Far walk behind several agreement husband necessary project coach happy third whose well.","13:32:29"
"31","34","4","Threat economic now common develop sing different skin vote policy soldier.","12:05:20"
"43","40","5","Include food fear hospital learn will nice where.","13:59:57"
"26","24","4","Cultural decision detail like government side boy building serious keep why happen knowledge.","21:17:46"
"26","19","3","Race ten show fear player learn use new purpose life religious family.","21:31:35"
"18","1","5","Shoulder four each listen poor little floor push right fall interesting trouble those.","11:20:55"
"1","9","2","Eight method three ground memory worker important instead bring little a.","17:47:27"
"25","39","3","Step decision election quite way fine win miss knowledge act.","16:50:26"
"32","26","3","Indeed argue phone worker join traditional goal.","08:44:36"
"1","25","5","High back center instead moment finish what.","09:19:20"
"40","42","1","We key easy computer how most.","20:49:57"
"8","14","3","Couple including admit bit customer environmental ball method office.","21:12:36"
"32","22","3","Network resource catch official real building including kind same very would senior cause.","02:43:16"
"43","47","5","Save why only available line environment.","11:09:15"
"18","15","2","Figure stage stock heart mean win continue.","05:39:55"
"26","23","1","When around indeed market guy remember employee newspaper shake.","16:17:04"
"1","43","1","Owner special building six thought attention partner there both past human.","13:52:02"
"5","30","1","Sign room gun way small front Mrs stop you born tough lose page.","04:27:56"
"18","39","1","Surface financial police garden city form hear quality.","08:12:55"
"8","46","3","Half live scene plan require right because bring tell.","13:38:19"
"1","18","5","Meeting contain Congress citizen by think clearly memory door activity.","04:44:53"
"26","5","3","Its measure seek case actually smile hour poor attack information three fast.","15:46:32"
"1","49","4","Himself though admit million expect push everyone travel nor phone.","09:12:00"
"26","34","5","Free knowledge hard its door unit meeting safe.","09:02:50"
"18","32","5","Rule old that writer everybody town.","07:47:50"
"32","21","3","Sell wrong high agreement but opportunity law.","23:30:44"
"5","28","4","Once bill within item country share design eye maybe this quite center.","01:40:07"
"18","16","4","Section across hour near keep minute heavy.","04:09:04"
"18","23","4","Official upon might report management between.","09:11:18"
"1","14","1","Great notice car summer different machine discussion seat enjoy face military our character.","12:47:11"
"25","18","1","Open painting paper less this billion instead task determine deep perform.","03:25:58"
"32","34","2","Effort religious risk center land test create the see toward.","01:57:32"
"40","27","3","Actually part cultural measure among government reduce claim call.","16:08:46"
"8","23","4","Past cold word head skin different guess few lawyer Congress until yard design.","15:36:35"
"5","33","4","Always music hundred finally suffer education.","19:52:56"
"8","14","1","Party message over rather brother very.","13:38:13"
"26","25","3","Watch allow table bill and answer age short.","14:44:07"
"8","17","1","Rule fund guy pressure step list career strong color.","01:10:43"
"31","38","3","Task house court statement writer but area exactly beyond movement become.","08:07:54"
"31","31","4","Performance away mouth bag join space actually him view daughter learn.","20:24:43"
"25","14","4","Buy consumer school right sport face green fund star.","18:11:43"
"8","3","3","Prevent share why decision their least chance again nature stay quickly safe future.","16:48:03"
"1","27","5","Sing above front family fine event start cost act.","20:04:11"
"8","16","3","Best behavior amount produce two next safe realize interview key lead feeling letter.","01:18:22"
"5","49","4","In list black evidence clear answer affect work north contain part.","11:37:02"
"25","24","5","Return board west analysis own summer activity professor teach final.","07:32:26"
"26","29","4","Executive center need imagine nation whatever computer national your same center accept.","13:53:12"
"25","20","3","Design color pick million impact imagine fill rest south somebody task computer.","08:31:55"
"8","9","4","Think else hold what but floor us bar determine sign various finish message.","21:30:33"
"40","34","4","Others pretty project pretty whether at affect blue radio professor try season.","00:54:35"
"8","38","3","Finish shoulder brother science finish type that authority.","16:04:50"
"26","11","5","Skill detail political care probably task up the during education simple industry.","21:34:28"
"43","42","3","Scientist instead medical commercial wish chance early anything recognize in return while.","11:06:53"
"31","35","4","Necessary look onto what black action development reduce final voice surface seem time.","09:53:09"
"1","14","3","Him top nor north should do dog agree career far what grow turn.","01:00:06"
"40","2","3","Style health music eight a hear.","14:34:00"
"40","40","4","Serious election process sure alone threat movement direction.","19:11:43"
"32","36","4","Nation whole although top population any much director second language development bad.","19:36:22"
"5","41","3","Collection financial her one apply break.","04:49:00"
"8","43","3","Person with figure visit under bar local notice finish.","11:51:15"
"43","8","3","Same itself write point performance day nice store land.","03:45:46"
"26","40","1","Center outside owner listen easy much.","10:19:47"
"31","6","3","State hot bill individual current physical.","17:44:17"
"26","21","2","Military total imagine grow technology number.","06:08:26"
"5","24","5","Science key simply professional measure direction prevent event.","13:05:20"
"8","0","5","Institution trouble short agency hot surface owner trade past one relationship.","21:30:26"
"26","28","5","Language seem simple everyone hit dog many pick others ball.","23:33:38"
"8","16","2","Certainly must major record him stage.","21:43:25"
"25","6","1","Claim expert note television deep clear fly consumer still off value staff away there.","13:20:11"
"25","1","1","Discover morning those return simple while help only easy subject security.","22:06:15"
"40","39","3","Care argue party middle TV memory take center experience.","04:05:33"
"18","5","3","Least strong issue action agree fall program food research college thousand agent.","14:42:29"
"40","46","3","Evening writer land about the family charge always growth girl television.","18:57:03"
"18","2","3","Official off hold rock space sure organization authority.","11:39:30"
"25","22","2","Future beautiful career group moment center person training lay as six.","01:20:36"
"26","34","4","Increase professor always concern story player present growth beyond year office each site.","22:59:21"
"8","45","3","Himself interesting country end suddenly tax attorney produce.","22:59:21"
"1","24","1","Among record role discuss person then yet during authority end.","10:30:29"
"18","6","5","Guess through conference lot control receive energy expect administration.","21:09:23"
"31","46","3","Professor senior large evening worry since letter.","11:24:42"
"1","36","5","Management term church figure rather early physical.","21:12:43"
"31","14","1","Day however floor movement student type.","17:10:15"
"18","44","2","Leg word figure similar general assume magazine him born.","21:32:32"
"26","6","1","Heavy base box same note growth difficult together best feel deal.","22:48:12"
"31","34","2","Set worker participant matter water head your play forget here feeling.","14:30:03"
"5","36","4","Popular in feeling structure treat spring part strong once nation itself address.","06:36:36"
"26","11","1","Opportunity majority kind trial area consumer list need check.","00:24:12"
"43","35","5","Politics plant ground law bring apply reality.","14:00:56"
"32","15","2","Meeting draw generation result seven such beyond modern.","08:50:09"
"25","11","5","Agree provide task manage level measure trade eat argue travel card.","14:49:06"
"31","15","4","Population sport really sell four race method usually how affect impact kind white.","01:21:33"
"26","26","3","Force natural close involve bill development traditional before door base affect no.","20:31:09"
"8","2","3","Question score organization film these race soon analysis born each.","14:19:19"
"40","16","1","Today culture former professor piece personal to detail tax.","22:15:01"
"1","39","5","Bill world town arm defense drive for many onto direction.","20:07:16"
"40","26","5","Serious cost ball through final girl parent recognize strong wish guy.","14:57:39"
"26","15","3","Available pretty allow small camera head data most.","10:18:01"
"40","11","5","Learn business piece customer center sound oil impact.","11:07:58"
"32","44","5","Senior role field walk factor marriage.","17:26:57"
"32","40","5","Responsibility decide board week general project child.","23:51:02"
"1","34","3","Fine wind south prevent response feel military production.","04:28:38"
"32","46","4","Message fall finish Mr eat majority.","04:04:47"
"26","37","2","Talk help executive that hospital open.","22:59:43"
"26","47","5","Relate beat lawyer safe hope growth somebody those indicate.","02:42:59"
"5","49","1","Little stop time able finally edge let he phone media account.","22:31:53"
"40","8","3","Difficult society meeting at party up tell good.","19:21:39"
"8","7","5","Else specific coach data prevent choice loss represent how.","23:35:44"
"5","3","1","Military daughter they well contain brother prove sister out.","19:12:08"
"18","6","1","Travel course perform policy rest week state land shoulder town write west.","18:41:14"
"31","3","3","Safe from seven bring focus cut personal pattern.","08:14:41"
"32","42","5","Would leave know right now candidate politics population raise under baby scene.","16:37:07"
"40","35","1","Appear avoid understand hear relationship use great address space commercial.","21:54:17"
"25","42","3","More bar same minute game government age thus.","19:41:13"
"1","22","3","Floor say by keep environmental positive discussion clear question item idea tree.","20:05:34"
"25","30","1","Information summer rather decision trade hundred soon view black hotel suddenly rest.","05:59:08"
"5","31","3","Talk dark operation summer care remember get.","22:35:47"
"26","14","4","Ground our walk dark consumer culture whom environmental no get reduce save common.","15:34:06"
"18","7","2","Door front treatment short might wall group picture.","00:05:46"
"1","40","1","Chair could reduce decision have note successful actually finish across computer result could.","08:34:48"
"1","1","2","Fish account successful true cause action eye speech do alone.","06:19:42"
"1","28","5","Lot nature since power special manager deal serious civil window nature against final others.","07:43:51"
"31","22","1","Least likely make support run local keep key.","01:44:11"
"31","42","4","Many success think effect former suffer similar movie sport.","00:08:25"
"8","22","1","Thing sport individual compare book although listen.","22:58:21"
"32","23","1","Tv concern Mr contain phone as west.","20:24:27"
"25","6","2","Environment international loss consumer color success everyone half mention every we add field.","10:57:42"
"18","21","3","Shake attention show meeting another line democratic American green stuff with dog south.","17:41:23"
"1","6","1","Magazine when product large wait employee produce situation compare leave father.","21:03:09"
"26","0","2","Project attention build detail throughout week process.","05:30:01"
"25","22","2","Bring explain keep present bank environmental.","01:41:22"
"32","6","1","Like church miss image program machine police perhaps explain clearly design though.","07:48:12"
"8","26","1","Act out court cause trip PM type pass off bank interest thought defense.","12:16:59"
"43","2","2","Pressure agency week probably environment air stage responsibility live.","12:42:45"
"5","4","5","Employee modern teach dream color really.","17:54:40"
"5","44","1","Image use child blue serious serve campaign.","12:58:10"
"18","30","2","South method teacher card girl deal red hard citizen statement type its both.","05:33:44"
"18","34","5","Discuss person dinner ok around small value list it wrong accept be about.","14:02:33"
"18","48","2","Night TV prove out hand garden early close country.","08:49:56"
"43","3","4","Spring oil plan save drive police sure anyone Republican evening.","23:23:11"
"25","6","4","Environmental new deep hour story such scientist find tend act.","12:09:08"
"25","23","4","Mention them remember budget month I indeed fine involve leader year cover personal.","19:48:12"
"31","33","5","Administration almost compare record sense level whether southern six environment itself enjoy.","21:53:05"
"1","22","1","From our energy for now he recent yeah clearly but.","09:06:40"
"40","31","5","Police PM much practice consider buy money nearly response course.","04:08:01"
"26","47","3","Choose film road approach you fear education.","01:34:49"
"32","7","4","Indeed risk pull figure sing technology center full population star clearly.","04:17:52"
"18","31","1","Vote future whose mouth up young continue letter write mean.","02:12:31"
"8","40","4","Top know impact memory make act heart theory source.","09:25:00"
"8","4","3","Goal series rich sister impact deep learn simple full president.","15:28:08"
"31","11","5","Everything list than interview particular ball growth low skill throughout reveal.","18:16:28"
"32","46","3","Yeah tough worker amount protect science free east behavior yard benefit structure building.","09:17:48"
"18","1","1","Republican prevent value analysis good truth too.","13:21:38"
"26","33","5","Per different lot without car eight situation.","11:55:57"
"1","28","4","Goal involve south travel magazine move study ability concern family check.","22:02:33"
"5","23","4","Improve loss plan character instead important available mind great experience race study here.","06:27:41"
"5","6","3","General federal sure either sit strategy growth.","23:22:12"
"25","40","3","Open down south condition foreign road though loss class accept action particular opportunity.","16:16:40"
"43","37","1","Crime hotel conference different dream different for simple million hit enjoy.","20:18:12"
"25","9","3","Son ok deep production buy yourself.","11:24:15"
"43","48","4","Deep community pretty serve support same letter Republican star majority network.","22:30:45"
"31","44","5","Whom one indeed reason meeting break lay since happen news visit shoulder industry.","07:08:42"
"5","22","2","Within network or plant high evening happy.","23:15:05"
"25","35","1","Would stage either operation move perform soon international.","19:56:49"
"8","12","3","Order later list yes have remember leader never happen.","10:32:51"
"5","41","2","Necessary as us brother ask between agent later.","16:03:20"
"1","36","4","Just tonight begin degree everyone picture.","11:00:16"
"5","46","3","Job wear history explain save member spend hit fly.","01:35:08"
"43","13","2","Memory glass administration become appear suffer.","11:48:26"
"25","23","4","From same life five which keep full film north.","10:29:11"
"25","39","2","Reason seven state blood leg treatment wall while nearly account accept subject.","14:53:54"
"25","38","2","Friend drug need push indeed painting plan now.","04:58:22"
"8","27","1","Increase peace practice machine relate fall must police and.","01:25:44"
"8","36","4","Drop point type feeling meeting now.","10:42:52"
"8","48","1","Night once provide decision successful cold choice yard more player many.","18:33:03"
"43","10","4","And forward maybe quality network federal future age here my.","11:00:03"
"43","46","5","Far here race mind itself make need task couple term once sound lawyer.","09:04:32"
"5","25","1","Summer individual body lay arm describe expect relate very here town.","18:24:58"
"5","12","3","Environmental thing exactly player air resource.","04:41:52"
"8","18","1","Unit ready you whose not identify plant everyone.","07:10:35"
"18","35","2","Hold relate last sure term fish charge likely fill.","17:48:08"
"40","12","4","Reflect way party out toward sign to low represent series six.","00:04:33"
"18","4","2","Foreign change doctor plan clearly reflect.","00:51:29"
"40","31","5","Picture yes left member hour amount energy scientist itself community.","09:09:32"
"26","0","3","Fear apply fish fact fill again.","17:43:18"
"31","35","5","Condition thank event property shoulder act poor whom and south skill on federal.","07:30:22"
"1","10","3","Force base involve white yard tax.","09:15:28"
"43","23","5","Someone current various find will great realize ask age.","08:00:03"
"1","11","4","Again knowledge thing offer hospital morning.","16:52:31"
"18","13","1","Southern wife common building not pretty body recent seven lay campaign.","00:43:34"
"18","7","4","Help official home rate heavy yes left manage cut material western.","22:23:16"
"32","17","4","Especially so reality without debate writer through agency she key friend into ask.","13:36:12"
"5","12","5","Stop military attack recognize certainly bag do past democratic.","12:18:50"
"25","46","3","However no compare receive this fire yet avoid town.","17:52:52"
"8","45","5","Fill forward glass meeting north look wife town bit production own TV.","17:59:41"
"25","17","4","Price enough reflect sure teacher identify again at step chance push.","20:03:35"
"40","17","5","Carry group site leg book television area.","12:17:30"
"1","27","1","Language fall statement save action clear with argue soon majority accept note foot.","07:56:35"
"26","43","4","Past close thing film opportunity billion head well.","09:54:23"
"1","29","5","Series radio population officer soldier model rock.","14:37:36"
"5","18","1","Fall test different later from various factor push south notice next human new.","04:05:15"
"25","1","2","Weight tend size between sometimes wall blue take simply reach him leave someone.","13:24:14"
"40","39","1","Brother page service opportunity bring serve fall determine father second expert start.","04:39:21"
"25","6","2","College run institution treatment just direction.","23:55:50"
"8","17","3","Set television century offer finally century society front particular product.","09:00:39"
"40","47","1","Base far manage force threat only investment note she bit.","22:31:11"
"26","15","3","Successful everybody sign weight after spend join measure represent.","12:42:47"
"32","31","4","Everything summer like result kid challenge forget clear.","11:18:16"
"8","49","5","Heart through very either sense them major language.","23:46:18"
"31","15","5","Try box wear easy popular medical list apply still.","04:06:39"
"1","28","1","Face consider under knowledge my admit financial accept oil.","12:01:23"
"1","1","5","Religious challenge dark specific cell card argue message debate morning believe executive near.","16:04:38"
"1","30","4","Describe Democrat guy fact American radio ever run measure force work cause.","13:14:23"
"8","18","1","Child personal too story meeting its from affect.","05:09:49"
"40","3","1","Play as seek sign forget live TV certainly seem.","15:23:33"
"18","17","2","Go step would direction worker me continue mean.","07:08:55"
"18","30","2","Material by fine you medical yourself seven.","01:55:33"
"18","18","5","Government president two keep teacher treatment wonder employee agency sing.","11:16:11"
"40","5","1","Kid determine poor sit leader sense politics follow peace stop stock arrive she.","03:23:15"
"25","42","3","Much force at admit finish someone dark market.","01:18:58"
"31","34","5","Cell possible either discussion quickly last your ball eat seem realize.","20:19:38"
"25","8","4","Western all trouble voice stuff local knowledge course treat.","18:54:31"
"8","24","5","Experience dinner teacher model position party.","13:39:03"
"40","25","2","Sign station PM international alone recent see four side society entire travel type.","23:09:37"
"5","36","2","Walk them coach form teach through be society remember.","17:59:36"
"26","47","2","Most president not list rock bring story wrong son open.","20:19:07"
"43","21","5","Check keep alone agreement great career section exist section baby.","20:04:25"
"32","17","5","Late task speak lead detail operation cost discuss any attorney follow stay cut.","17:00:54"
"8","19","3","Official which list religious technology make want health indeed site.","06:52:20"
"1","7","4","Bill husband your would behind young under.","12:11:24"
"32","47","5","Realize popular president yard whole knowledge few space machine late newspaper resource network.","05:59:25"
"31","16","3","Sort century able sister woman contain decision under blood.","10:09:10"
"8","40","2","Pull arrive job source yet produce election myself green long policy gun laugh.","21:40:55"
"18","48","4","Day stay tell specific worry increase enjoy case visit research less.","16:53:19"
"31","42","1","Life hot music spring reveal door myself personal best entire business.","18:07:41"
"26","33","3","Public west admit full indeed trade single analysis improve those carry safe everyone.","17:02:22"
"31","31","1","Long case current describe might PM also into effect suffer own help.","09:44:49"
"18","7","4","Continue ask democratic maintain peace under.","00:01:28"
"43","26","2","Part piece most painting can lose.","11:08:01"
"31","4","2","Case could field say wife public international.","21:49:00"
"43","7","3","Majority several pressure town PM at authority.","12:08:13"
"5","27","4","Scene successful senior sing find draw picture away system back hit they.","19:49:13"
"25","39","3","Him attention challenge staff Congress again wall gas tend run.","22:19:06"
"43","28","2","Investment interesting skin coach hand high.","23:57:58"
"5","20","1","East recently movement include similar drive.","23:40:16"
"40","35","2","Reason son car model answer billion stand democratic thought enjoy less current.","06:16:44"
"5","39","1","Article suggest attention thus cell trade painting up.","18:27:54"
"32","5","2","Whose man leader offer onto small chance.","12:07:39"
"43","48","5","Mrs without hour ok a marriage.","07:50:36"
"25","41","5","Space good pressure soldier short inside long compare agent choose foot actually should.","16:34:35"
"31","13","1","New five choice line we ability dark.","07:17:15"
"18","34","2","Economy morning reduce now eat worker room.","06:14:48"
"43","11","5","Organization toward cut value management although TV eat of your boy change.","18:35:45"
"18","40","4","Much easy travel blood participant series world.","22:46:41"
"25","30","5","Reduce on police mission environment data.","02:26:37"
"40","44","5","Pm play kind color room arrive.","06:42:50"
"32","7","3","Drug water mean whom everything structure.","09:44:29"
"18","45","3","Bank especially staff indicate help success.","18:29:01"
"1","12","3","Prove weight decide security subject bar enough former.","22:32:07"
"32","19","4","Forward wall common candidate compare piece affect risk society down trial all dream.","06:40:40"
"40","0","4","Force cup offer rock soldier fact various where budget buy.","18:23:10"
"8","27","1","Seven door part maybe like language.","02:59:23"
"8","38","3","Congress wonder federal quite prepare usually offer place performance wrong beat.","08:26:28"
"25","4","2","Their already really mother participant worker argue fly.","07:10:20"
"31","17","1","Join I something his prepare south successful can send computer conference adult.","09:35:30"
"31","6","5","Forget choose support perform least let these training have before whole local sit.","22:59:35"
"32","32","3","War begin same teach wish three population yourself baby statement garden suffer fine.","13:19:29"
"1","0","2","Modern keep wind idea decide student create case center nation worry pass senior.","19:00:10"
"31","1","2","Big avoid yourself for college member born billion book.","05:16:30"
"5","21","2","Kind series sing environment stand trouble guy positive.","23:29:00"
"40","20","2","Common never eye know model hotel color public before huge enough.","01:02:37"
"8","36","1","Stuff worker course apply actually require try trial cut strategy sound concern instead.","10:49:44"
"26","20","4","Impact kid fish try us week.","19:47:46"
"5","21","2","Administration forget our reflect role during hospital.","17:05:57"
"5","6","4","Environment standard bit administration movie meet.","17:44:12"
"32","31","5","Risk similar keep young conference including prove similar say economy coach.","23:49:20"
"18","26","4","Large value right Congress gas fine practice return tough sit try.","15:51:00"
"8","37","2","Evidence blue stuff but type cause various pretty people.","11:10:33"
"1","49","4","President medical occur special night site enough himself career why.","14:16:16"
"8","25","3","Perform impact decade official get one want officer born street couple.","23:34:12"
"5","3","4","Know my collection direction remain movie whom three dinner act rock.","23:06:29"
"25","36","3","Yeah top act everyone region still bag.","08:31:09"
"31","2","2","Appear someone best local together fund.","18:53:45"
"43","9","5","Far middle skill government computer race candidate.","11:09:32"
"18","29","5","Across maybe election receive hit happen store.","18:42:26"
"18","20","1","More ever result finish agree southern service point wait.","22:30:32"
"43","3","1","Member life pattern special baby enough budget win enjoy civil top.","15:03:39"
"26","6","1","Each above truth fly score behind prevent will.","15:36:30"
"32","21","5","Almost eye possible away son reveal when.","07:18:16"
"32","23","3","Control meet direction improve look describe.","00:52:59"
"40","28","4","Risk work out maintain style bank such draw sell.","15:30:58"
"1","29","5","Recently hospital control difference your almost benefit side director two money concern hair.","21:31:51"
"26","33","1","Former bag science election respond policy always choose range less so Democrat.","07:44:09"
"1","46","5","Movie knowledge character we region story pattern effort boy commercial.","20:13:52"
"25","38","2","Important network guess wish thousand fine.","17:43:22"
"40","7","3","She nearly condition edge strategy finish your unit.","10:48:24"
"1","17","2","Decade accept company mission he financial.","08:39:40"
"32","13","1","Rest each remain thus group author draw quickly ready value.","22:44:09"
"43","23","1","Necessary PM bring say smile yet either face someone strategy expert early less.","11:12:08"
"18","20","1","During somebody per adult nearly heart any suddenly soldier bring certain three.","09:39:26"
"18","48","4","Difficult purpose report six like off employee thought stage behavior doctor along resource.","06:48:10"
"18","47","2","Speak impact now maybe explain eight pretty break.","15:09:30"
"8","36","5","Else business right wonder fight least account their tell.","11:37:31"
"32","11","1","Able never executive success option mind visit to already adult writer participant along.","03:02:53"
"8","1","4","Change professor success performance us its wait page.","15:55:04"
"5","48","1","Reveal believe camera together well thus to than pattern high officer church.","23:16:07"
"32","6","5","Reveal special letter professor respond ready recently perhaps however.","20:45:18"
"31","37","1","Agency control produce often no drop take affect.","05:41:07"
"31","31","2","Will ball system until build generation pretty.","15:07:25"
"18","47","1","Defense south candidate actually college thus special oil mouth say future level.","18:16:46"
"32","45","2","Position ground all charge budget there a.","09:15:28"
"40","18","3","Especially rate best table game total past walk staff structure each very energy.","04:52:01"
"1","49","4","Rest she account protect often successful.","02:55:41"
"26","38","1","Citizen today blue tax those from professor war sit.","11:08:27"
"26","8","5","College people modern travel listen thing senior know feeling remain war.","04:01:30"
"1","16","1","Experience blood clear check notice shoulder.","19:57:56"
"25","20","5","End clearly and election to record sea material instead recognize fact.","05:46:05"
"43","15","1","Oil sign identify buy member pressure maybe.","21:12:07"
"25","34","1","Admit story show indicate thank last civil certain nature myself.","01:16:05"
"32","37","1","Never spend new decide also service technology wind ground night action station.","03:03:26"
"5","11","5","Color focus only parent head brother nor pass treatment.","17:43:19"
"26","46","2","Themselves charge budget thought practice treat religious out kind them myself treatment.","22:02:13"
"25","42","3","Everyone ago young community huge matter.","22:48:13"
"8","9","3","Hour animal organization partner send for.","16:28:08"
"18","23","4","Affect never energy fill believe serious allow attorney sound.","08:10:57"
"26","30","5","Rather of out these relate evidence five threat traditional simply.","04:55:01"
"25","3","1","Might must site beat believe trouble actually.","00:04:21"
"25","45","4","Small in particular add become analysis seat director.","15:09:06"
"31","17","4","Against sound affect game toward thousand recent machine.","17:55:11"
"18","25","5","Executive plan morning senior across direction watch manager system should leg.","08:52:39"
"18","27","5","Soon finish billion senior test else boy.","04:35:24"
"1","11","5","Pull wait western that hard future eat wonder camera personal leg although.","00:14:22"
"26","1","3","Out soon home collection energy necessary within teach minute goal authority feeling.","16:11:56"
"32","21","2","Must activity resource adult appear attorney large.","06:01:55"
"26","22","4","Which sure cell nature maybe read much.","16:58:18"
"26","24","1","Mouth option across reach face data physical.","05:26:44"
"18","18","2","Size evidence state likely west wind over.","16:59:35"
"5","21","2","Expert base become finally sit simply.","08:37:29"
"43","8","4","Clearly behavior education particular road letter early member ok.","20:42:09"
"8","18","2","Get stop dream anyone remain central thing.","12:39:01"
"43","30","4","Meeting structure still course option involve.","19:06:50"
"43","5","4","Option reflect scientist shake top painting policy exactly.","02:21:33"
"40","49","3","Anyone field something voice practice mean some allow player.","14:28:27"
"8","33","2","Each region side evening interesting travel sort especially law there value all different.","20:22:55"
"26","23","1","Push food bank seek back adult.","19:37:02"
"5","39","3","Then quickly phone in actually available sign heart and stand senior official establish.","03:47:09"
"43","24","1","Interest name modern interview dark themselves ask.","18:34:27"
"40","15","1","Huge business suddenly center dinner rather middle figure.","17:40:22"
"40","19","5","Since stand people score marriage forward financial it traditional.","04:27:54"
"18","26","3","Culture any generation president old continue institution.","19:43:11"
"32","46","5","Up she either gas form spend consider.","16:25:45"
"32","39","3","Line whatever generation indeed pretty require response heavy program.","02:34:41"
"43","32","1","Son indeed ball natural myself own laugh very.","21:39:04"
"8","44","5","Brother particularly price page improve message remain much these other shoulder town.","05:55:35"
"8","36","5","Body behind will prove spend notice close relate hit.","20:34:42"
"5","14","5","Low condition time glass future already hot hundred determine.","15:20:09"
"32","5","5","Water land consider a catch film state seek scene election face serve somebody.","08:11:38"
"25","2","3","Week officer particular he suffer big.","15:48:29"
"31","21","5","Off once recent wrong air realize ability hard.","09:27:38"
"32","34","1","Close source draw dog similar myself yes activity drop sea central.","10:38:59"
"43","49","1","Past sit begin someone partner focus compare majority key fall pattern Congress.","06:41:56"
"1","29","1","Suggest everyone there police should resource building realize model.","08:02:01"
"8","30","1","Work crime others year huge decision effort bit manage.","00:20:26"
"25","23","1","Form energy Mrs fund discussion different tree.","18:38:38"
"40","9","3","Why plant as that consider drop.","21:15:24"
"32","29","2","Civil college today whatever billion here.","01:52:15"
"26","2","4","Wonder growth but take four first fly before company so can mission question.","08:28:36"
"40","40","1","Mission purpose only late purpose each realize year.","00:58:26"
"40","46","2","Skill mind finally local present likely doctor.","05:32:36"
"25","12","4","Lose bar rule letter edge address real blue red doctor power bad should.","04:27:00"
"32","19","3","From join hot represent fine style ten message wife next stock hotel time.","07:56:04"
"1","17","4","Trade argue matter work story with identify personal great would score.","09:52:45"
"1","14","1","Point of evidence people than left reach word check control place goal.","12:34:52"
"26","41","3","Economy cell hotel else senior section leave time fight enjoy condition help kitchen.","14:22:58"
"26","43","2","Son director entire remain exist form our offer themselves without or or.","12:18:41"
"5","46","5","Fact left effect game meeting report account blue body.","06:21:34"
"40","37","2","Fine sing media computer prepare pattern south material other painting soon against rock.","03:53:50"
"31","9","4","Both crime be style pressure certain population bank law interview college allow response.","07:36:53"
"1","4","1","Total through sense modern say value few certain hour recognize raise.","18:32:18"
"5","42","4","Mean could particular southern cover claim.","00:47:01"
"1","39","5","Seat mention cultural carry anyone seven trip message side.","05:56:46"
"18","25","2","Tonight middle control card him site.","22:47:07"
"18","48","1","Play fall general ahead present yes summer let.","09:04:46"
"8","48","3","Point seat give use social work amount first action between suggest raise break.","04:32:08"
"1","20","4","Worker your individual set hit space.","08:57:37"
"5","40","5","Not country indicate every explain rock threat.","17:42:21"
"26","32","2","Source rule section whatever forward keep travel hour cultural assume.","12:46:54"
"26","19","5","Trial moment bed account myself country entire common culture money establish simple kitchen.","18:52:39"
"43","9","1","Week rather approach class time identify second prevent reality seat body.","14:37:21"
"31","31","5","Beautiful operation central history commercial rise sound conference.","11:42:33"
"8","16","4","Million happy most national itself near happen work window return executive letter entire.","17:15:43"
"40","7","3","Painting hundred heart area growth collection you myself.","03:26:21"
"8","29","4","Need individual picture difficult yard condition station happen.","13:45:45"
"31","45","5","Those writer choose magazine matter store school throughout and quickly describe.","21:23:47"
"1","31","4","American fight ten himself anything inside door reveal eight.","03:43:10"
"8","28","4","Either machine pretty someone green be spring article star continue happy.","03:22:50"
"40","18","3","Admit east wrong energy long tonight modern the back us.","21:44:18"
"8","9","1","Fine heavy crime lawyer hard everything dinner indicate should from glass machine control.","14:52:36"
"8","46","1","Let attorney interest street party stop this let range will find.","02:55:55"
"31","49","5","Address reason particular recognize hear production social consumer reduce above option anything work.","11:19:46"
"26","35","2","Prove simple picture would majority new enter wonder drop world foreign us.","16:29:15"
"26","44","4","Body oil TV although religious another across personal onto.","12:01:46"
"43","26","2","Worker modern safe leg newspaper create among fly wall.","13:44:17"
"8","25","3","Want this miss only visit attorney identify staff hospital understand agreement amount owner.","06:00:28"
"8","25","5","Listen discuss daughter point fund question.","04:49:09"
"1","20","3","Religious daughter table respond appear spend would avoid.","11:37:43"
"32","19","4","Specific down simple better especially reason already method.","20:37:13"
"26","23","1","Mention him realize upon common lawyer debate already.","03:54:31"
"5","25","4","Organization oil note result find others stand color opportunity.","19:12:19"
"8","13","3","Society remember ago prevent kid big against.","02:35:11"
"5","46","5","Avoid executive reality important decision owner.","01:02:41"
"40","6","5","List task newspaper ball station manager company traditional now.","22:10:28"
"18","38","1","Never beat prepare bring attack drug.","04:35:43"
"18","31","5","Long five how around property read investment prevent blue cell prove present.","20:48:53"
"26","30","2","Something anything new billion piece growth move ahead join.","13:16:43"
"18","10","4","Hair rather important exist glass speech institution including between study think.","00:02:33"
"18","33","4","Forward there anyone operation sit where let others.","07:48:34"
"26","45","1","Scene suffer federal personal support special high game computer.","18:41:03"
"31","10","2","Else thank create provide loss worry everything we dog learn.","23:45:36"
"40","9","2","Eye check seem single store try.","22:47:09"
"40","38","4","Lead particularly line tree pass attack real effort image eat test base.","13:20:19"
"1","19","4","Stage by way foreign organization thank modern billion public dinner positive focus.","15:06:40"
"26","28","4","Respond spring down respond unit loss lot entire glass not she window.","06:43:33"
"5","39","1","Treat sit voice next along ground crime.","03:11:52"
"26","27","5","Executive minute know practice analysis involve.","01:50:37"
"18","20","4","Letter mother everybody tough admit event run size team.","23:37:43"
"43","20","2","Subject truth expect they cut instead player interview game type student unit brother.","01:21:13"
"8","10","3","Reason party operation well question bring notice.","05:35:45"
"5","12","5","If bit power plant alone heavy instead win leader key network owner.","14:15:02"
"25","30","5","Husband treat people four full answer finish science protect dog goal above seem.","01:02:22"
"25","35","4","Win them push good job heart boy least since.","12:51:19"
"8","9","1","Run election age down woman as organization material institution direction yard son probably.","15:53:44"
"31","12","2","Lawyer not blue sort ago office human degree garden suggest.","17:54:59"
"1","21","4","Business society notice leg run late ability beautiful large price beyond several chance.","15:42:44"
"43","42","1","Rate high listen allow age community allow item director.","02:44:41"
"18","30","3","Report your baby vote where more trade again seat product ok medical.","21:35:25"
"40","27","1","Simple student goal wind assume place across than special success from travel.","21:45:32"
"18","8","4","Glass hold paper tonight age over area however almost resource key support.","14:00:34"
"26","3","4","Partner south third hope each several any.","06:32:23"
"26","29","5","Herself international Democrat buy risk born those describe describe woman message.","14:55:31"
"25","27","3","Type hour go others north everything help experience design husband work.","16:49:54"
"31","39","5","Bad increase enter simply when culture even civil amount.","14:22:22"
"26","33","2","Cause writer owner once ability force system movement financial later performance see.","23:51:42"
"26","10","5","Suffer response present owner five such much scientist race.","20:50:53"
"32","3","5","Create shake own consider organization although skin election dinner behavior.","00:51:16"
"32","13","4","Group mean personal matter reason medical full century almost floor indeed create.","07:05:54"
"8","25","1","Just certainly smile response significant individual entire movie red father century marriage listen.","23:03:01"
"5","35","3","Particular person reveal sense campaign return detail.","19:34:07"
"43","41","2","Recognize bad everything dinner measure certain toward power.","15:42:48"
"26","11","2","Alone parent pick nothing specific fact rule.","20:25:09"
"43","9","3","Arrive end far four outside one clearly sit.","15:13:08"
"26","0","1","Represent human think long account program style ok born material rest see.","10:45:35"
"31","22","4","Picture usually value six ahead single bank.","23:07:12"
"8","1","4","Without blood room available house change Mr.","01:24:21"
"5","0","2","Red plan beyond space figure feel world pretty.","05:28:28"
"18","44","3","High picture decade rule school dog debate less full later.","21:21:37"
"8","38","1","Thing concern sea affect training contain officer total away film mission of until.","01:58:48"
"26","26","4","Professor fish lay seem such garden recent stop message already.","15:17:04"
"31","17","5","Carry town husband forward interview however simply well news myself yes without.","23:28:22"
"43","20","4","Pm last two young prevent they Republican low fly evening.","09:21:51"
"40","48","5","Trip contain contain student finish by sell actually state cut task choice.","23:47:50"
"40","28","5","Agree national cost believe low there final Democrat since approach manager capital.","03:54:39"
"40","3","3","Reveal follow commercial here energy appear whatever seek American manager political adult.","17:08:39"
"40","41","5","Cultural green avoid finish radio bed talk own director class against of.","09:12:36"
"32","10","3","She too ever follow girl beyond professor late consider nature reduce personal language.","13:28:10"
"31","13","4","Create own same race claim point sea lay stop.","19:14:36"
"26","5","3","Front skin arrive light situation him.","18:20:04"
"26","45","5","Matter film kind explain would despite young commercial all.","12:44:11"
"32","49","5","Full water thousand rich travel song.","06:32:13"
"43","10","2","Machine west choose about food they.","17:32:17"
"5","20","3","Forward raise myself fund position relationship pull large against.","10:32:23"
"18","19","5","Where protect feeling such third summer pressure under.","18:59:34"
"43","5","1","Nature table same administration really example pretty hotel view new free knowledge throughout.","04:51:59"
"1","17","3","Yet cultural purpose create guy same ago job peace result bring leave argue.","16:15:02"
"26","28","4","Religious history goal discover middle form impact land kitchen stop fall.","08:45:31"
"32","22","4","Lot large might candidate apply describe for line perform.","17:08:21"
"5","36","4","Unit program enter music natural everyone including admit health.","08:39:06"
"40","36","3","Employee discover investment try would computer really push.","12:29:13"
"43","34","5","Song environmental represent become again recent.","00:58:36"
"18","1","2","Sort make provide green case participant peace agent dream week building lose other.","14:48:29"
"43","0","5","Available add figure vote conference leg word.","23:06:48"
"31","28","1","Result imagine condition somebody owner performance ever instead sell entire occur test somebody.","18:14:53"
"32","15","5","Term say reflect few happen tell board.","07:54:12"
